INSERT INTO Trip (idTrip, nameTrip, minCapacity, maxCapacity, pension) VALUES
(1, 'The 400 Blows', 5, 15, 'F'),
(2, 'Intouchables', 20, 40, 'F'),
(3, 'Hate', 20, NULL, 'H'),
(4, 'Full Metal Jacket', 15, 40, 'H'),
(5, 'The Last Crusade', 20, NULL, 'H'),
(6, 'Pulp Fiction', 15, 30, 'F'),
(7, 'The Good, the Bad and the Ugly', 6, 23, 'F'),
(8, 'Diabolique', 15, 30, 'F'),
(9, 'The Silence of the Lambs', 15, 25, 'F'),
(10, 'The Lord of the Rings', 5, 10, NULL),
(11, 'Scorsese Tour', 2, 5, 'F'),
(12, 'The Professional', 2, 8, 'F');
 

INSERT INTO Country (idCountry, nameCountryEN, nameCountryFR, shortCode, document) VALUES
(1, 'England', 'Angleterre', 'ENG', 'CNI'),
(2, 'Germany', 'Allemagne', 'DE', 'CNI'),
(3, 'Italy', 'Italie', 'IT', 'CNI'),
(4, 'Spain', 'Espagne', 'ES', 'CNI'),
(5, 'Jordan', 'Jordanie', 'JO', 'CNI'),
(6, 'Scotland', 'Écosse', 'SCT', 'CNI'),
(7, 'France', 'France', 'FR', 'CNI'),
(8, 'USA', 'États-Unis', 'US', 'P'),
(9, 'China', 'Chine', 'CN', 'V'),
(10, 'U.S. Virgin Islands', 'Îles Vierges des États-Unis', 'VI', 'P'),
(11, 'Dominican Republic', 'République Dominicaine', 'DO', 'P'),
(13, 'Poland', 'Pologne', 'PL', 'CNI'),
(14, 'Palestine', 'Palestine', 'PT', 'P'),
(15, 'New Zealand', 'Nouvelle-Zélande', 'NZ', 'V'),
(16, 'Norway', 'Norvège', 'NO', 'CNI'),
(17, 'Morocco', 'Maroc', 'MA', 'P'),
(18, 'Canada', 'Canada', 'CA', 'P'),
(19, 'Japan', 'Japon', 'JP', 'P'),
(20, 'Australia', 'Australie', 'AU', 'P'),
(21, 'Tunisia', 'Tunisie', 'TN', 'CNI'),
(22, 'Guatemala', 'Guatemala', 'GT', 'CNI'),
(23, 'Brazil', 'Brésil', 'BR', 'P'),
(24, 'Bahamas', 'Bahamas', 'BS', 'P'),
(25, 'Mexico', 'Mexique', 'MX', 'P'),
(26, 'Ireland', 'Irlande', 'IE', 'CNI'),
(27, 'Philippines', 'Philippines', 'PH', 'P'),
(28, 'India', 'Inde', 'IN', 'CNI'),
(29, 'South Korea', 'Corée du Sud', 'KR', 'CNI'),
(30, 'Wales', 'Pays de Galles', 'WLS', 'CNI'),
(31, 'Czech Republic', 'République tchéque', 'CZ', 'CNI'),
(32, 'Austria', 'Autriche', 'AT', 'CNI'),
(33, 'Namibia', 'Namibie', 'NA', 'CNI'),
(34, 'South Africa', 'Afrique du Sud', 'ZA', 'CNI'),
(35, 'Iran', 'Iran', 'IR', 'V'),
(36, 'Iceland', 'Islande', 'IS', 'CNI'),
(37, 'Russia', 'Russie', 'RU', 'CNI'),
(38, 'Denmark', 'Danemark', 'DK', 'CNI'),
(39, 'Sri Lanka', 'Sri Lanka', 'LK', 'CNI'),
(40, 'Sweden', 'Suède', 'SE', 'CNI'),
(41, 'Argentina', 'Argentine', 'AR', 'P'),
(42, 'Thailand', 'Thaïlande', 'TH', 'P'),
(43, 'Rwanda', 'Rwanda', 'RW', 'P'),
(44, 'Lebanon', 'Liban', 'LB', 'P'),
(45, 'Estonia', 'Estonie', 'EE', 'CNI'),
(46, 'Tajikistan', 'Tadjikistan', 'TJ', 'V'),
(47, 'Algeria', 'Algérie', 'DZ', 'P'),
(48, 'St Vincent and the Grenadines', 'Saint-Vincent-et-les Grenadines', 'VC', 'CNI'),
(49, 'Bulgaria', 'Bulgarie', 'BG', 'CNI'),
(50, 'Serbia', 'Serbie', 'RS', 'CNI'),
(51, 'Venezuela', 'Venezuela', 'VE', 'V'),
(52, 'Switzerland', 'Suisse', 'CH', 'P');

INSERT INTO City (idCity, nameCity, country) VALUES
(1, 'London', 1),
(2, 'Paris', 7),
(3, 'Swinderby', 1),
(4, 'Chevreuse', 7),
(5, 'Postdam', 2),
(6, 'L''Étang-la-Ville', 7),
(7, 'Berlin', 2),
(8, 'La Rochelle', 7),
(9, 'Venice', 3),
(10, 'Rome', 3),
(11, 'Almería', 4),
(12, 'Madrid', 4),
(13, 'Petra', 5),
(14, 'El Jafr', 5),
(15, 'Mansfield', 8),
(16, 'Butler', 8),
(17, 'St. Croix', 10),
(18, 'Upper Sandusky', 8),
(19, 'Yuma', 8),
(20, 'Lucas', 8),
(21, 'Ashland', 8),
(22, 'Bellville', 8),
(23, 'Messina', 3),
(24, 'New York City', 8),
(25, 'Savoca', 3),
(26, 'Beverly Hills', 8),
(27, 'Catania', 3),
(28, 'Ross', 8),
(29, 'Los Angeles', 8),
(30, 'Jersey City', 8),
(31, 'Las Vegas', 8),
(32, 'Santo Domingo', 11),
(33, 'Trieste', 3),
(34, 'Miami', 8),
(35, 'North Miami', 8),
(36, 'Washington', 8),
(38, 'Hong Kong', 9),
(39, 'Chicago', 8),
(40, 'Bedford', 1),
(41, 'Iver Heath', 1),
(42, 'Twickenham', 1),
(43, 'Chertsey', 1),
(44, 'Leavesden', 1),
(45, 'Longcross', 1),
(46, 'Oswiecim', 13),
(47, 'Kraków', 13),
(48, 'Jerusalem', 14),
(49, 'Glendale', 8),
(50, 'Hawthorne', 8),
(51, 'Pasadena', 8),
(52, 'Burgos', 4),
(53, 'Granada', 4),
(54, 'Matamata', 15),
(55, 'Erewhon', 15),
(56, 'Wellington', 15),
(57, 'Featherston', 15),
(58, 'Queenstown', 15),
(59, 'Twizel', 15),
(60, 'Glenorchy', 15),
(61, 'Wanaka', 15),
(62, 'Canterbury', 15),
(63, 'Arrowtown', 15),
(64, 'Finse', 16),
(65, 'Banks', 8),
(66, 'Forest Grove', 8),
(67, 'Hillsboro', 8),
(68, 'Borehamwood', 1),
(69, 'Savannah', 8),
(70, 'Beaufort', 8),
(71, 'Asheville', 8),
(72, 'Yemassee', 8),
(73, 'Port Clyde', 8),
(74, 'Pritchardville', 8),
(75, 'Pemaquid', 8),
(76, 'Flagstaff', 8),
(77, 'Orange', 8),
(78, 'Santa Monica', 8),
(79, 'Varnville', 8),
(80, 'Monterey Park', 8),
(81, 'Tangiers', 17),
(82, 'Shizuoka', 19),
(83, 'Tokyo', 19),
(84, 'Rancho Palos Verdes', 8),
(85, 'Malibu', 8),
(86, 'Burbank', 8),
(87, 'Universal City', 8),
(88, 'Salem', 8),
(89, 'Marlboro', 8),
(90, 'Tampa', 8),
(91, 'Nashville', 8),
(92, 'Sydney', 20),
(93, 'San Francisco', 8),
(94, 'Jerba', 21),
(95, 'Nefta', 21),
(96, 'Tozeur', 21),
(97, 'Matmata', 21),
(98, 'Shepperton', 1),
(99, 'Izu Peninsula', 19),
(100, 'Rio de Janeiro', 23),
(101, 'Pittsburgh', 8),
(102, 'Canonsburg', 8),
(103, 'Bellaire', 8),
(104, 'Bimini Islands', 24),
(105, 'Glenwillard', 8),
(106, 'Shaler Township', 8),
(107, 'McKeesport', 8),
(108, 'Memphis', 8),
(109, 'Perryopolis', 8),
(110, 'Homestead', 8),
(111, 'Quantico', 8),
(112, 'St. Louis', 8),
(113, 'Layton', 8),
(114, 'Rural Valley', 8),
(115, 'La Cañada-Flintridge', 8),
(116, 'Culver City', 8),
(117, 'Arezzo', 3),
(118, 'Viterbo', 3),
(119, 'Terni', 3),
(120, 'Hoboken', 8),
(121, 'Moab', 8),
(122, 'Bavispe', 25),
(123, 'Calgary', 18),
(124, 'Lethbridge', 18),
(125, 'Canmore', 18),
(126, 'Okotoks', 18),
(127, 'Nanton', 18),
(128, 'Fort Macleod', 18),
(129, 'Torrance', 8),
(130, 'Ballinesker', 26),
(131, 'Hatfield', 1),
(132, 'Thame', 1),
(133, 'Rickmansworth', 1),
(134, 'Stockton', 8),
(135, 'San Rafael', 8),
(136, 'Kairouan', 21),
(137, 'Sousse', 21),
(138, 'Bushey', 1),
(139, 'Sedala', 21),
(140, 'Phoenix', 8),
(141, 'Cabourg', 7),
(142, 'Villard-sur-Doron', 7),
(143, 'Santa Clarita', 8),
(144, 'Long Beach', 8),
(145, 'Fremont', 8),
(146, 'Fontana', 8),
(147, 'San Jose', 8),
(148, 'Santa Fe', 8),
(149, 'Lancaster', 8),
(150, 'Shelbyville', 8),
(151, 'Blowing Rock', 8),
(152, 'Columbia', 8),
(153, 'Lewisburg', 8),
(154, 'Nolensville', 8),
(155, 'Beelitz', 2),
(156, 'Warsaw', 13),
(157, 'Kobylka', 13),
(158, 'Potsdam', 2),
(159, 'Jüterbog', 2),
(160, 'North Hills', 8),
(161, 'Carson', 8),
(162, 'Quincy', 8),
(163, 'Boston', 8),
(164, 'Lynn', 8),
(165, 'Farnham', 1),
(166, 'Ouarzazate', 17),
(167, 'Siena', 3),
(168, 'Aït Benhaddou', 17),
(169, 'Baler', 27),
(170, 'Iba', 27),
(171, 'Pagsanjan', 27),
(172, 'Whittier', 8),
(173, 'City of Industry', 8),
(174, 'Newhall', 8),
(175, 'Chino', 8),
(176, 'Québec', 18),
(177, 'Telluride', 8),
(178, 'Downey', 8),
(179, 'Redstone', 8),
(180, 'Oakley Green', 1),
(181, 'Agoura Hills', 8),
(182, 'Palermo', 3),
(183, 'Oberschleißheim', 2),
(184, 'Grünwald', 2),
(185, 'Munich', 2),
(186, 'Weilheim-Schongau', 2),
(187, 'Jackson Hole', 8),
(188, 'New Orleans', 8),
(189, 'Jodhpur', 28),
(190, 'Nottingham', 1),
(191, 'Florence', 3),
(192, 'Isleworth', 1),
(193, 'Croydon', 1),
(194, 'Newark', 8),
(195, 'Sacramento', 8),
(196, 'San Diego', 8),
(197, 'Southern Pacific Railroad Tunnel between Santa Susana & Chatsworth', 8),
(198, 'Keystone', 8),
(199, 'Bakersfield', 8),
(200, 'Thousand Oaks', 8),
(201, 'San Juan Bautista', 8),
(202, 'Busan', 29),
(203, 'Seoul', 29),
(204, 'Chinju', 29),
(205, 'Bodensee', 2),
(206, 'Crescent City', 8),
(207, 'Cologne', 2),
(208, 'Eaubonne', 7),
(209, 'Montréal', 18),
(210, 'Louiseville', 18),
(211, 'St. Petersburg', 8),
(212, 'Spring Lake', 8),
(213, 'Onich', 6),
(214, 'Bray', 26),
(215, 'Trim', 26),
(216, 'Dublin', 26),
(217, 'Uxbridge', 1),
(218, 'Bricket Wood', 1),
(219, 'Elstree', 1),
(220, 'Warren Radlett', 1),
(221, 'Shenley', 1),
(222, 'Harlow', 1),
(223, 'Radlett', 1),
(224, 'Oxford', 1),
(225, 'Windsor', 1),
(226, 'Aylesbury', 1),
(227, 'Monroeville', 8),
(228, 'Sevilla', 4),
(229, 'Merthyr Mawr', 30),
(230, 'Maan', 5),
(231, 'Bayonne', 8),
(232, 'Linconshire', 1),
(233, 'Cliffe', 1),
(234, 'Bassingbourn', 1),
(235, 'Kromeríz', 31),
(236, 'Prague', 31),
(237, 'Vienna', 32),
(238, 'Plzen', 31),
(239, 'Grosseto', 3),
(240, 'Bodiam', 1),
(241, 'Appin', 6),
(242, 'Stirling', 6),
(243, 'Victoria', 20),
(244, 'St Albans', 1),
(245, 'Perivale', 1),
(246, 'Kyoto', 19),
(247, 'Nara', 19),
(248, 'New Haven', 8),
(249, 'Görlitz', 2),
(250, 'Bad Schandau', 2),
(251, 'Krampnitz', 2),
(252, 'Nauen', 2),
(253, 'Rüdersdorf', 2),
(254, 'Sebnitz', 2),
(255, 'Cape Town', 34),
(256, 'Erongo', 33),
(257, 'Penrith', 20),
(258, 'Tampico', 25),
(259, 'Acapulco', 25),
(260, 'Tucson', 8),
(261, 'Jungapeo', 25),
(262, 'San Jose Purua', 25),
(263, 'Tehran', 35),
(264, 'Amarillo', 8),
(265, 'Pagosa Springs', 8),
(266, 'Mayen', 2),
(267, 'Cortez', 8),
(268, 'Chama', 8),
(269, 'Woodstock', 1),
(270, 'Buckingham', 1),
(271, 'North Weald', 1),
(272, 'Tilbury', 1),
(273, 'Alamosa', 8),
(274, 'Mentmore', 1),
(275, 'East Tilbury', 1),
(276, 'Waukegan', 8),
(277, 'Stevenage', 1),
(278, 'Santa Barbara', 8),
(279, 'Davie', 8),
(280, 'Key Biscayne', 8),
(281, 'Coronado', 8),
(282, 'Brooks', 18),
(283, 'Longview', 18),
(284, 'Drumheller', 18),
(285, 'High River', 18),
(286, 'Sonora', 8),
(287, 'Ladakh', 28),
(288, 'Bangalore', 28),
(289, 'Noida', 28),
(290, 'Shimla', 28),
(291, 'Mumbai', 28),
(292, 'Delhi', 28),
(293, 'St. Petersburg', 37),
(294, 'Taastrup', 38),
(295, 'Moorpark', 8),
(296, 'Füssen', 2),
(297, 'Hamburg', 2),
(298, 'Geiselgasteig', 2),
(299, 'Toronto', 18),
(300, 'Cambridge', 8),
(301, 'Wilmington', 8),
(302, 'El Segundo', 8),
(303, 'Gardena', 8),
(304, 'Zaragoza', 4),
(305, 'Segovia', 4),
(306, 'Ambepussa', 39),
(307, 'Peradeniya Botanical Gardens', 39),
(308, 'Colombo', 39),
(309, 'Kitulgala', 39),
(310, 'Kandy', 39),
(311, 'Mahara', 39),
(312, 'Mount Lavinia', 39),
(313, 'Aso', 19),
(314, 'Gotemba', 19),
(315, 'Himeji', 19),
(316, 'Kokonoe', 19),
(317, 'Kumamoto', 19),
(318, 'Nagoya', 19),
(319, 'Shonai', 19),
(320, 'Truckee', 8),
(321, 'Värmdö', 40),
(322, 'Solna', 40),
(323, 'Hovs Hallar - Naturreservat', 40),
(324, 'Råsunda', 40),
(325, 'Sigtuna', 40),
(326, 'Österåker', 40),
(327, 'Dalarö', 40),
(328, 'Ängö', 40),
(329, 'Lund', 40),
(330, 'San Nicolás', 41),
(331, 'Buenos Aires', 41),
(332, 'Cottage Grove', 8),
(333, 'Eugene', 8),
(334, 'Row River', 8),
(335, 'Hanford', 8),
(336, 'Henderson', 8),
(337, 'Jean', 8),
(338, 'Overton', 8),
(339, 'Genoa', 3),
(340, 'Closter', 8),
(341, 'Atlantic City', 8),
(342, 'Washington', 8),
(343, 'Philadelphia', 8),
(344, 'Detroit', 8),
(345, 'Royal Oak', 8),
(346, 'Highland Park', 8),
(347, 'Stahnsdorf', 2),
(348, 'Palos Verdes', 8),
(349, 'Nuremberg', 2),
(350, 'Princeton', 8),
(351, 'Belleville', 8),
(352, 'East Orange', 8),
(353, 'Madison', 8),
(354, 'Jacksonville', 8),
(355, 'Tavares', 8),
(356, 'Lodi', 8),
(357, 'Bangkok', 42),
(358, 'Clairton', 8),
(359, 'Follansbee', 8),
(360, 'Struthers', 8),
(361, 'Youngstown', 8),
(362, 'Cleveland', 8),
(363, 'Whatcom County', 8),
(364, 'Steubenville', 8),
(365, 'Duquesne Heights', 8),
(366, 'Weirton', 8),
(367, 'Chico', 8),
(368, 'North Little Rock', 8),
(369, 'Paradise', 8),
(370, 'Calabasas', 8),
(371, 'Fargo', 8),
(372, 'St. Louis Park', 8),
(373, 'Grafton', 8),
(374, 'Bathgate', 8),
(375, 'Edina', 8),
(376, 'Forest Lake', 8),
(377, 'Stillwater', 8),
(378, 'Chanhassen', 8),
(379, 'Minneapolis', 8),
(380, 'Brainerd', 8),
(381, 'Mahtomedi', 8),
(382, 'Hallock', 8),
(383, 'Willernie', 8),
(384, 'Grand Forks', 8),
(385, 'South St. Paul', 8),
(386, 'Richfield', 8),
(387, 'May', 8),
(388, 'Edinburgh', 6),
(389, 'Glasgow', 6),
(390, 'Longview', 8),
(391, 'Anchorage', 8),
(392, 'Astoria', 8),
(393, 'Atlanta', 8),
(394, 'Beaverton', 8),
(395, 'Needles', 8),
(396, 'Niland', 8),
(397, 'Orick Beach', 8),
(398, 'Palm Springs', 8),
(399, 'Parker', 8),
(400, 'Peach Springs', 8),
(401, 'Reno', 8),
(402, 'Salton City', 8),
(403, 'Salton Sea', 8),
(404, 'Seattle', 8),
(405, 'Slab City', 8),
(406, 'Topock', 8),
(407, 'Winner', 8),
(408, 'Hot Springs', 8),
(409, 'Fairbanks', 8),
(410, 'Kingman', 8),
(411, 'Page', 8),
(412, 'Portland', 8),
(413, 'Calipatria', 8),
(414, 'Sisters', 8),
(415, 'Boulder City', 8),
(416, 'Bullhead City', 8),
(417, 'Carthage', 8),
(418, 'El Centro', 8),
(419, 'Newberg', 8),
(420, 'Los Algodones', 25),
(421, 'Cape Girardeau', 8),
(422, 'Louth', 1),
(423, 'Towcester', 1),
(424, 'Wilson', 1),
(425, 'Camberley', 1),
(426, 'Norfolk', 1),
(427, 'Juneau', 8),
(428, 'Kimberley', 18),
(429, 'Stewart', 18),
(430, 'Marfa', 8),
(431, 'Las Vegas', 8),
(432, 'Piedras Negras', 25),
(433, 'Albuquerque', 8),
(434, 'Amman', 5),
(435, 'Kigali', 43),
(436, 'Johannesburg', 34),
(437, 'Beijing', 9),
(438, 'Austin', 8),
(439, 'Tunis', 21),
(440, 'El Hadj', 21),
(441, 'Monastir', 21),
(442, 'Nîmes', 7),
(443, 'Saint-Gilles', 7),
(444, 'Poulx', 7),
(445, 'Springdale', 8),
(446, 'Snow Canyon', 8),
(447, 'Cuernavaca', 25),
(448, 'Durango', 8),
(449, 'Silverton', 8),
(450, 'Taos', 8),
(451, 'Grafton', 8),
(452, 'St. George', 8),
(453, 'Taxco', 25),
(454, 'Lompoc', 8),
(455, 'Lakewood', 8),
(456, 'Shafter', 8),
(457, 'Honfleur', 7),
(458, 'McCloud', 8),
(459, 'Yreka', 8),
(460, 'Brownsville', 8),
(461, 'Veneta', 8),
(462, 'Franklin', 8),
(463, 'Vacherie', 8),
(464, 'Schriever', 8),
(465, 'Darrow', 8),
(466, 'Bridge City', 8),
(467, 'Bakewell', 1),
(468, 'Penshurst', 1),
(469, 'Castleton', 1),
(470, 'Hever', 1),
(471, 'Sheffield', 1),
(472, 'Fårö', 40),
(473, 'Dresden', 2),
(474, 'Hainewalde', 2),
(475, 'Zwickau', 2),
(476, 'Waldenburg', 2),
(477, 'Mexico City', 25),
(478, 'Liverpool', 1),
(479, 'Tyre', 44),
(480, 'Anzio', 3),
(481, 'Frosinone', 3),
(482, 'Latina', 3),
(483, 'Tustin', 8),
(484, 'Laguna Pueblo', 8),
(485, 'McAlester', 8),
(486, 'Santa Rosa', 8),
(487, 'Sayre', 8),
(488, 'Tehachapi', 8),
(489, 'Gallup', 8),
(490, 'Providence', 8),
(491, 'Kingston', 8),
(492, 'Woonsocket', 8),
(493, 'Bristol', 8),
(494, 'Montfort-LAmaury', 7),
(495, 'Bressuire', 7),
(496, 'Saint-Maurice', 7),
(497, 'Niort', 7),
(498, 'Ville dAvray', 7),
(499, 'Bar Harbor', 8),
(500, 'Medfield', 8),
(501, 'Sharon', 8),
(502, 'Taunton', 8),
(503, 'Hull', 8),
(504, 'Nahant', 8),
(505, 'Ipswich', 8),
(506, 'Dedham', 8),
(507, 'Ontario', 8),
(508, 'Cincinnati', 8),
(509, 'Dolgopa', 37),
(510, 'Tallinn', 45),
(511, 'Isfara', 46),
(512, 'Staines', 1),
(513, 'Pune', 28),
(514, 'Patna', 28),
(515, 'Amritsar', 28),
(516, 'New Delhi', 28),
(517, 'Calcutta', 28),
(518, 'Porbandar', 28),
(519, 'Agra', 28),
(520, 'Udaipur', 28),
(521, 'Turin', 3),
(522, 'Fiumicino', 3),
(523, 'Danbury', 8),
(524, 'Salta', 41),
(525, 'Fairborn', 8),
(526, 'Parma', 8),
(527, 'Sandusky', 8),
(528, 'North Olmsted', 8),
(529, 'Wilmington', 8),
(530, 'Manhattan Beach', 8),
(531, 'Oahu', 8),
(532, 'San Pedro de Macoris', 11),
(533, 'Baltimore', 8),
(534, 'Camden', 8),
(535, 'Upperco', 8),
(536, 'Algiers', 47),
(537, 'Cudahy', 8),
(538, 'Little Rock', 8),
(539, 'Huntington Park', 8),
(540, 'Van Nuys', 8),
(541, 'Falmouth', 8),
(542, 'Woodstock', 8),
(543, 'Algonquin', 8),
(544, 'Rockford', 8),
(545, 'Cary', 8),
(546, 'Mount Fuji', 19),
(547, 'Bracknell', 1),
(548, 'Uppsala', 40),
(549, 'Stockholm', 40),
(550, 'Seaside', 8),
(551, 'Panama City', 8),
(552, 'Vernon', 8),
(553, 'Bath', 1),
(554, 'Maynooth', 26),
(555, 'Carrick-on-Suir', 26),
(556, 'Hechingen', 2),
(557, 'Coneysthorpe', 1),
(558, 'Corsham', 1),
(559, 'Sutherland', 6),
(560, 'Kells', 26),
(561, 'Ludwigsburg', 2),
(562, 'Petworth', 1),
(563, 'Rathgormack', 26),
(564, 'Salisbury', 1),
(565, 'Warminster', 1),
(566, 'Lavenham', 1),
(567, 'Edensor', 1),
(568, 'Jamestown', 8),
(569, 'Tuolumne City', 8),
(570, 'Warnerville', 8),
(571, 'Columbia', 8),
(572, 'Wendover', 1),
(573, 'Leeds', 1),
(574, 'Bradford', 1),
(575, 'Burnley', 1),
(576, 'Ely', 1),
(577, 'Reading', 1),
(578, 'Sherborne', 1),
(579, 'Bicester', 1),
(580, 'Chesham', 1),
(581, 'Nettlebed', 1),
(582, 'Chanteloup-les-Vignes', 7),
(583, 'Kingstown', 48),
(584, 'Southampton', 8),
(585, 'Northampton', 8),
(586, 'Jackson', 8),
(587, 'Greenwood', 8),
(588, 'Clarksdale', 8),
(589, 'Conyers', 8),
(590, 'Monroe', 8),
(591, 'Porterdale', 8),
(592, 'Moundsville', 8),
(593, 'LAquila', 3),
(594, 'Plovdiv', 49),
(595, 'Belgrade', 50),
(596, 'Sofia', 49),
(597, 'Vaudreuil-Dorion', 18),
(598, 'Higuerote', 51),
(599, 'St Laurent du Maroni', 7),
(600, 'Sakata', 19),
(601, 'La Verne', 8),
(602, 'Berkeley', 8),
(603, 'Bhuj', 28),
(604, 'San Mateo', 8),
(605, 'San Mateo County', 8),
(606, 'Genève', 52);


INSERT INTO Pricing (trip, dateTrip, price) VALUES
(1, '2023-09-25', 390),
(1, '2023-10-02', 380),
(1, '2023-10-09', 380),
(2, '2023-09-18', 360),
(2, '2023-09-25', 360),
(2, '2023-10-02', 380),
(3, '2023-09-14', 80),
(3, '2023-09-21', 80),
(4, '2023-09-16', 1290),
(5, '2023-09-09', 2400),
(6, '2023-10-02', 1050),
(7, '2023-09-04', 1450),
(8, '2023-09-21', 1000),
(9, '2023-09-07', 2550),
(10, '2023-10-23', 3050),
(10, '2023-10-30', 3050),
(10, '2023-11-06', 3050),
(11, '2023-09-05', 4200),
(11, '2023-10-10', 4000),
(11, '2023-11-14', 4500),
(11, '2023-12-18', 5000),
(12, '2023-09-05', 3000),
(12, '2023-10-03', 3000),
(12, '2023-11-07', 3050),
(12, '2023-12-26', 3500);


INSERT INTO Stage (trip, city, orderStage, duration) VALUES
(1, 2, 1, 1),
(1, 457, 2, 3),
(1, 2, 3, 1),
(6, 29, 1, 1),
(6, 51, 2, 1),
(6, 50, 3, 1),
(6, 26, 4, 1),
(6, 29, 5, 3),
(2, 2, 1, 2),
(2, 142, 2, 2),
(2, 141, 3, 2),
(2, 2, 4, 1),
(3, 2, 1, 1),
(3, 582, 2, 1),
(3, 2, 3, 1),
(7, 12, 1, 2),
(7, 53, 2, 2),
(7, 11, 3, 4),
(7, 52, 4, 3),
(7, 12, 5, 3),
(9, 101, 1, 7),
(9, 113, 2, 2),
(9, 114, 3, 2),
(9, 101, 4, 3),
(10, 56, 1, 3),
(10, 58, 2, 3),
(10, 57, 3, 3),
(10, 56, 4, 1),
(11, 24, 1, 1),
(11, 163, 2, 2),
(11, 39, 3, 2),
(11, 31, 4, 3),
(11, 29, 5, 2),
(11, 90, 6, 2),
(11, 24, 7, 5),
(12, 2, 1, 2),
(12, 24, 2, 1),
(12, 120, 3, 1),
(12, 24, 4, 3),
(12, 2, 5, 1),
(5, 1, 1, 1),
(5, 5, 2, 4),
(5, 9, 3, 3),
(5, 11, 4, 3),
(5, 13, 5, 2),
(5, 1, 6, 3),
(8, 2, 1, 2),
(8, 4, 2, 1),
(8, 6, 3, 4),
(8, 8, 4, 3),
(8, 2, 5, 5),
(4, 1, 1, 2),
(4, 3, 2, 2),
(4, 1, 3, 2);


INSERT INTO Movie VALUES
(1, 'The Shawshank Redemption', 1994, 25000000, 28341469, 8.2, 8),
(2, 'The Godfather', 1972, 6000000, 245066411, 8.1, 8),
(3, 'The Godfather: Part II', 1974, 13000000, 47542841, 8.0, 8),
(4, 'Batman Begins', 2008, 185000000, 1001921825, 7.9, 1),
(5, 'Schindler''s List', 1993, 22000000, 321265768, 7.8, 8),
(6, 'Twelve Angry Men', 1957, 340000, 1000000, 8.1, 8),
(7, 'Pulp Fiction', 1994, 8000000, 213928762, 7.9, 8),
(8, 'The Good, the Bad and the Ugly', 1966, 1200000, 6000000, 7.7, 8),
(9, 'The Lord of the Rings: The Return of the King', 2003, 94000000, 1118888979, 7.7, 15),
(10, 'Fight Club', 1999, 63000000, 100853753, 7.9, 2),
(11, 'The Lord of the Rings: The Fellowship of the Ring', 2001, 93000000, 871368364, 7.6, 15),
(12, 'Star Wars: Episode V - The Empire Strikes Back', 1980, 18000000, 538400000, 7.8, 8),
(13, 'Forrest Gump', 1994, 55000000, 677945399, 7.9, 8),
(14, 'Inception', 2010, 160000000, 825500000, 7.7, 8),
(15, 'One Flew Over the Cuckoo''s Nest', 1975, 3000000, 108981275, 7.8, 8),
(16, 'The Lord of the Rings: The Two Towers', 2002, 79000000, 926287400, 7.6, 15),
(17, 'Goodfellas', 1990, 25000000, 46836394, 7.8, 8),
(18, 'The Matrix', 1999, 63000000, 463517383, 7.6, 20),
(19, 'Star Wars: Episode IV - A New Hope', 1977, 11000000, 775398007, 7.7, 8),
(20, 'Seven Samurai', 1954, 350000, 269061, 8.0, 19),
(21, 'City of God', 2002, 3300000, 27387381, 7.7, 23),
(22, 'Seven', 1995, 33000000, 327311859, 7.7, 8),
(23, 'The Silence of the Lambs', 1991, 19000000, 272742922, 7.6, 8),
(24, 'The Usual Suspects', 1995, 6000000, 23341568, 7.8, 8),
(25, 'It''s a Wonderful Life', 1946, 3180000, 6600000, 7.3, 8),
(26, 'Life Is Beautiful', 1997, NULL, 229400000, 8.0, 3),
(27, 'Léon: The Professional', 1994, 16000000, 45284974, 7.8, 7),
(28, 'Once Upon a Time in the West', 1968, 5000000, 5321508, 7.8, 3),
(29, 'Interstellar', 2014, 165000000, 621752480, 8.4, 18),
(30, 'Saving Private Ryan', 1998, 70000000, 481840909, 7.5, 8),
(31, 'American History X', 1998, 10000000, 23875127, 7.8, 8),
(32, 'Spirited Away', 2001, 15000000, 274925095, 8.0, 19),
(33, 'Casablanca', 1942, 950000, 10462500, 7.5, 8),
(34, 'City Lights', 1931, 1500000, 19181, 7.8, 8),
(35, 'Raiders of the Lost Ark', 1981, 18000000, 389925971, 7.3, 8),
(36, 'Psycho', 1960, 806948, 32000000, 7.6, 8),
(37, 'Rear Window', 1954, 1000000, 36764313, 7.7, 8),
(38, 'The Intouchables', 2011, 13000000, 426480871, 8.1, 7),
(39, 'Modern Times', 1936, 1500000, 8500000, 7.9, 8),
(40, 'Whiplash', 2014, 3300000, 13993092, 8.5, 8),
(41, 'Terminator 2: Judgment Day', 1991, 100000000, 520000000, 7.3, 7),
(42, 'The Green Mile', 1999, 60000000, 284600000, 7.8, 8),
(43, 'The Pianist', 2002, 35000000, 120072577, 7.8, 7),
(44, 'Memento', 2000, 9000000, 39723096, 7.7, 8),
(45, 'The Departed', 2006, 90000000, 289847354, 7.5, 9),
(46, 'Gladiator', 2000, 103000000, 457640427, 7.5, 1),
(47, 'Apocalypse Now', 1979, 31500000, 83471511, 7.5, 8),
(48, 'Back to the Future', 1985, 19000000, 381109762, 7.6, 8),
(49, 'Sunset Boulevard', 1950, 1752000, NULL, 7.9, 8),
(50, 'Dr. Strangelove or: How I Learned to Stop Worrying and Love the Bomb', 1964, 1800000, 9440272, 7.7, 1),
(51, 'The Prestige', 2006, 40000000, 109676311, 7.6, 8),
(52, 'Alien', 1979, 11000000, 104931801, 7.4, 8),
(53, 'Inside Out', 2015, 175000000, NULL, 8.2, 8),
(54, 'The Lion King', 1994, 45000000, 788241776, 7.5, 8),
(55, 'The Lives of Others', 2006, 2000000, 70000000, 7.8, 2),
(56, 'The Great Dictator', 1940, 2000000, NULL, 7.7, 8),
(57, 'Cinema Paradiso', 1988, NULL, 11990401, 7.6, 7),
(58, 'Paths of Glory', 1957, NULL, NULL, 7.8, 8),
(59, 'The Shining', 1980, 19000000, 44017374, 7.7, 1),
(60, 'Django Unchained', 2012, 100000000, 425368238, 7.5, 8),
(61, 'The Dark Knight Rises', 2012, 250000000, 1081041287, 7.4, 8),
(62, 'WALL-E', 2008, 180000000, 521311860, 7.4, 8),
(63, 'American Beauty', 1999, 15000000, 356296601, 7.5, 8),
(64, 'Grave of the Fireflies', 1988, NULL, NULL, 7.9, 19),
(65, 'Aliens', 1986, 18500000, 131060248, 7.4, 1),
(66, 'Citizen Kane', 1941, 839727, 23217674, 7.5, 8),
(67, 'North by Northwest', 1959, 4000000, 13275000, 7.3, 8),
(68, 'Vertigo', 1958, 2479000, 7311013, 7.4, 8),
(69, 'Oldboy', 2003, 3000000, 14980005, 7.7, 29),
(70, 'Princess Mononoke', 1997, 26500000, 159375308, 8.0, 19),
(71, 'Das Boot', 1981, 14000000, 85000000, 7.6, 2),
(72, 'M', 1931, NULL, NULL, 7.8, 2),
(73, 'Star Wars: Episode VI - Return of the Jedi', 1983, 32350000, 572700000, 7.6, 8),
(74, 'Amélie', 2001, 11400000, 174000000, 7.6, 7),
(75, 'Once Upon a Time in America', 1984, 30000000, NULL, 7.5, 3),
(76, 'Witness for the Prosecution', 1957, NULL, NULL, 7.9, 8),
(77, 'Reservoir Dogs', 1992, 1200000, 14661007, 7.7, 8),
(78, 'Toy Story 3', 2010, 200000000, 1063171911, 7.4, 8),
(79, 'Braveheart', 1995, 72000000, 210000000, 7.4, 8),
(80, 'A Clockwork Orange', 1971, 2200000, 26589000, 7.4, 1),
(81, 'Double Indemnity', 1944, 927262, NULL, 7.2, 8),
(82, 'Taxi Driver', 1976, 1300000, 28262574, 7.6, 8),
(83, 'Requiem for a Dream', 2000, 4500000, 7390108, 7.5, 8),
(84, 'To Kill a Mockingbird', 1962, 2000000, 13129846, 7.6, 8),
(85, 'Lawrence of Arabia', 1962, 15000000, 70000000, 7.2, 1),
(86, 'Eternal Sunshine of the Spotless Mind', 2004, 20000000, 72000000, 7.6, 8),
(87, 'Full Metal Jacket', 1987, 17000000, 46357676, 7.5, 1),
(88, 'The Sting', 1973, 5500000, 159616327, 7.7, 8),
(89, 'Bicycle Thieves', 1948, NULL, 361712, 7.8, 3),
(90, 'Amadeus', 1984, 18000000, 51564280, 7.2, 8),
(91, 'Singin in the Rain', 1952, 2540800, 7200000, 7.2, 8),
(92, 'Monty Python and the Holy Grail', 1975, 400000, 5028948, 7.5, 1),
(93, 'Snatch', 2000, 10000000, 83557872, 7.4, 1),
(94, '2001: A Space Odyssey', 1968, 10500000, 56715371, 7.5, 1),
(95, 'The Kid', 1921, NULL, 2500000, 8.0, 8),
(96, 'Rashomon', 1950, NULL, 96568, 7.9, 19),
(97, 'For a Few Dollars More', 1965, 600000, 15000000, 7.3, 3),
(98, 'L.A. Confidential', 1997, 35000000, 126216940, 7.2, 8),
(99, 'Toy Story', 1995, 30000000, 361958736, 7.4, 8),
(100, 'All About Eve', 1950, 1400000, 8400000, 7.2, 8),
(101, 'Some Like It Hot', 1959, 3500000, NULL, 7.5, 8),
(102, 'Inglourious Basterds', 2009, 70000000, 319131050, 7.6, 2),
(103, 'Mad Max: Fury Road', 2015, 150000000, 356894972, 7.6, 6),
(104, 'The Apartment', 1960, 3000000, 245066411, 7.8, 8),
(105, 'Metropolis', 1927, 6000000, NULL, 8.2, 5),
(106, 'Modern Times', 1936, 1500000, 8500000, 7.9, 8),
(107, 'The Night of the Hunter', 1955, 795000, NULL, 8.0, 1),
(108, 'All Quiet on the Western Front', 1930, 1200000, NULL, 7.9, 2),
(109, 'The Treasure of the Sierra Madre', 1948, 3000000, 5250000, 7.8, 3),
(110, 'The Seventh Seal', 1957, NULL, NULL, 8.1, 4),
(111, 'The Third Man', 1949, 1000000, 25000000, 8.1, 1),
(112, 'La La Land', 2016, 30000000, 445435700, 8.0, 6),
(113, 'The Grand Budapest Hotel', 2014, 25000000, 172943635, 8.1, 4),
(114, 'The Truman Show', 1998, 60000000, 264118201, 8.1, 3),
(115, 'Gone with the Wind', 1939, 3977000, 400176459, 8.1, 10),
(116, 'Finding Nemo', 2003, 94000000, 940335536, 8.1, 1),
(117, 'The Maltese Falcon', 1941, 375000, NULL, 8.0, 3),
(118, 'A Streetcar Named Desire', 1951, 1750000, 8000000, 8.0, 4),
(119, 'Mary and Max', 2009, 8000000, NULL, 8.1, 7),
(120, 'The Elephant Man', 1980, 5000000, 26560000, 8.1, 8),
(121, 'Jurassic Park', 1993, 63000000, 1049102856, 8.1, 3),
(122, 'Rocky', 1976, 960000, 225000000, 8.1, 3),
(123, 'Butch Cassidy and the Sundance Kid', 1969, 6000000, 102308889, 8.0, 4),
(124, 'Roman Holiday', 1953, 1500000, 12000000, 8.0, 3),
(125, 'Gandhi', 1982, 22000000, 127767889, 8.0, 8),
(126, 'The General', 1926, 750000, NULL, 8.1, 5),
(127, 'V for Vendetta', 2005, 54000000, 132511035, 8.2, 4),
(128, 'The Princess Bride', 1987, 16000000, 30857814, 8.0, 1),
(129, 'The Terminator', 1984, 6400000, 78000000, 8.0, 6),
(130, 'Groundhog Day', 1993, 14000000, 70906973, 8.0, 4),
(131, 'The Wizard of Oz', 1939, 2800000, 33200000, 8.0, 6),
(132, 'The King''s Speech', 2010, 15000000, 414211549, 8.0, 4),
(133, 'The Exorcist', 1973, 8000000, 441306145, 8.0, 2),
(134, 'Trainspotting', 1996, 3500000, 72099098, 8.0, 1),
(135, 'The Sixth Sense', 1999, 40000000, 672806292, 8.0, 6),
(136, 'Rang De Basanti', 2006, 5000000, 20560971, 8.1, 1),
(137, 'The Deer Hunter', 1978, 15000000, 49307162, 8.1, 5),
(138, 'Gran Torino', 2008, 33000000, 270000000, 8.0, 1),
(139, 'Shutter Island', 2010, 80000000, 294804195, 8.0, 4),
(140, 'Fargo', 1996, 7000000, 60500000, 8.1, 2),
(141, 'The Thing', 1982, 15000000, 19629760, 8.1, 1),
(142, 'No Country for Old Men', 2007, 25000000, 171627166, 8.0, 4),
(143, 'The Grand Illusion', 1937, NULL, 5400000, 8.0, 1),
(144, 'Persona', 1966, 270000, NULL, 8.1, 1),
(145, 'Anand', 1971, 24000, NULL, 8.1, 1),
(146, 'Barry Lyndon', 1975, 11000000, 20000000, 8.0, 4),
(147, 'Before Sunrise', 1995, 2500000, 553486, 8.0, 1),
(148, 'Paris, Texas', 1984, 1850000, 2181500, 8.1, 1),
(149, 'Catch Me If You Can', 2002, 52000000, 352114312, 8.1, 2),
(150, 'Hera Pheri', 2000, 200000, NULL, 8.1, 2);


INSERT INTO LOCATION VALUES 
('2020','Von KleinSmid Center - 3518 Trousdale Parkway, University of Southern California','29',null),
('2021','Doheny Library - 3550 Trousdale Parkway, University of Southern California','29',null),
('2022','Physical Education Dept. Building, University of Southern California','29',null),
('2023','Royce Hall - 340 Royce Drive, UCLA, Westwood','29',null),
('41','Jersey City','30',null),
('53','Liberty State Park - Morris Pesin Drive','30',null),
('42','Las Vegas','31',null),
('1247','Ruth''s Chris Steak House - 3900 Paradise Road','31',null),
('1248','357 Desert Inn Road','31',null),
('1249','Glass Pool Inn, Las Vegas Blvd.','31',null),
('1251','Le Bistro Lounge, Riviera Hotel & Casino - 2901 Las Vegas Boulevard South','31',null),
('1252','Tony Roma''s, Main Street Station','31',null),
('1253','Ballys Las Vegas - 3645 Las Vegas Blvd S','31',null),
('1254','Mighty Mart - 515 E Oakey Blvd','31',null),
('1255','520 S. Fourth St.','31',null),
('1256','721 N. Main St #3.','31',null),
('1258','Cochise Lane','31',null),
('1262','Kawasaki Dealership, West Sahara','31',null),
('1263','La Concha Motel - 2955 Las Vegas Boulevard South','31',null),
('1264','Landmark Hotel - Convention Center Drive and Paradise Road','31',null),
('1265','Las Vegas Boulevard South','31',null),
('1266','Las Vegas National Golf Club','31',null),
('1267','Moulin Rouge - 800 W Bonanza','31',null),
('1268','Our Lady of Las Vegas','31',null),
('1270','Park Paseo','31',null),
('1271','Piero''s Restaurant - 355 Convention Center Drive','31',null),
('1272','Regency Motel - 784 N. Main Street','31',null),
('1273','Riviera Hotel & Casino - 2901 Las Vegas Boulevard South','31',null),
('1274','Rocking K Ranch','31',null),
('1275','The Jockey Club','31',null),
('1277','McCarran International Airport - 5757 Wayne Newton Boulevard','31',null),
('56','Santo Domingo','32',null),
('57','Trieste','33',null),
('66','Riva Nazario Sauro','33',null),
('58','Miami','34',null),
('1055','Atlantis Condo, Brickell Avenue','34',null),
('59','2045 N. Hibiscus Drive','35',null),
('67','Hotel Washington - 515 15th Street','36',null),
('206','Lincoln Memorial, National Mall','36',null),
('341','Washington','36',null),
('343','Department of Labor Frances Perkins Building - 200 Constitution Avenue NW','36',null),
('1173','Union Station - 50 Massachusetts Avenue NE','36',null),
('1174','United States Capitol - 545 Seventh Street SE','36',null),
('1739','Jefferson Memorial - 900 Ohio Drive SW','36',null),
('69','Causeway Bay','38',null),
('70','Hong Kong','38',null),
('71','2 International Finance Centre, Central','38',null),
('72','Queen''s Road Central, Central','38',null),
('99','The Center, Central','38',null),
('100','The Peninsula Hong Kong Hotel, Salisbury Road, Kowloon','38',null),
('74','Twin Anchors Restaurant & Tavern - 1655 N. Sedgwick Street, Lincoln Park','39',null),
('75','Trump International Hotel & Tower - 401 N Wabash','39',null),
('78','Millennium Station','39',null),
('80','South LaSalle St.','39',null),
('82','Atwood Cafe - 1 W Washington St','39',null),
('83','Brach''s Candy Factory - 401 N. Cicero Street','39',null),
('85','Chicago','39',null),
('88','Hotel 71 - 71 E. Wacker Drive, Downtown','39',null),
('89','IBM Building - 330 N Wabash','39',null),
('92','Lower Wacker Drive, Downtown','39',null),
('93','McCormick Place - 2301 S. Lake Shore Drive, Near South Side','39',null),
('94','Navy Pier - 600 E. Grand Avenue, Near North Side','39',null),
('95','Old Post Office','39',null),
('96','Old Town, Near North Side','39',null),
('98','Richard J. Daley Center - 55 W. Randolph Street, The Loop, Downtown','39',null),
('699','Omni Ambassador East Hotel - 1301 N. State Parkway, Near North Side','39',null),
('702','Midway Airport','39',null),
('710','LaSalle Street Station - 141 W. Van Buren Street, Downtown','39',null),
('712','Near North Side','39',null),
('887','Union Station - Canal St. & Jackson Blvd., Near West Side','39',null),
('888','Penn Central Freight Yards, Near West Side','39',null),
('1031','LaSalle Street, The Loop, Downtown','39',null),
('1033','Chicago Board of Trade - 141 W. Jackson Blvd., The Loop, Downtown','39',null),
('1034','Franklin-Orleans Street Bridge','39',null),
('1503','Gerri''s Palm Tavern - 446 E. 47th Street, Grand Boulevard','39',null),
('77','Bedford','40',null),
('79','Pinewood Studios','41',null),
('689','Albert R. Broccoli 007 Stage, Pinewood Studios','41',null),
('81','Twickenham','42',null),
('923','Twickenham Film Studios, St Margarets','42',null),
('84','Chertsey','43',null),
('90','Leavesden Studios','44',null),
('91','Longcross','45',null),
('1518','Longcross Studios, Chobham Lane','45',null),
('103','Auschwitz-Birkenau Concentration Camp','46',null),
('104','Plaszów','47',null),
('105','Szeroka','47',null),
('106','Kraków','47',null),
('107','Józefa','47',null),
('109','Most Pilsudskiego','47',null),
('108','Jerusalem','48',null),
('111','1435 Flower Street','49',null),
('521','Glendale','49',null),
('832','Forest Lawn Memorial Park - 1712 S Glendale Avenue','49',null),
('112','Hawthorne Grill - 13763 S. Hawthorne Boulevard','50',null),
('119','Hawthorne','50',null),
('1492','Hawthorne Plaza - 12124 Hawthorne Blvd.','50',null),
('120','Kendall Alley','51',null),
('123','Raymond Theatre - 129 N. Raymond Avenue','51',null),
('234','Pasadena','51',null),
('558','1711 Bushnell Avenue','51',null),
('559','1727 Bushnell Avenue','51',null),
('560','Bookshop, Gamble House - 4 Westmoreland Place','51',null),
('564','1809 Bushnell Avenue','51',null),
('565','RR Blacker House - 1177 Hillcrest Avenue, Oak Knoll','51',null),
('618','City Hall - 100 N. Garfield Avenue','51',null),
('619','Holly Street','51',null),
('691','Busch Gardens - S. Grove Avenue','51',null),
('692','Arroyo Boulevard','51',null),
('884','Hugus Alley','51',null),
('885','Miller Alley','51',null),
('886','Castle Green Apartments - 99 S. Raymond','51',null),
('937','Colorado Street Bridge','51',null),
('1093','1315 South El Molino Drive','51',null),
('1310','Ralphs Supermarket','51',null),
('1539','St. Luke''s Hospital - 2632 E. Washington Street','51',null),
('1585','380 South San Rafael Avenue','51',null),
('1809','Carrow''s Restaurant - 815 Fremont Avenue','51',null),
('129','Carazo','52',null),
('130','Covarrubias','52',null),
('134','Burgos','52',null),
('139','Arlanza River','52',null),
('140','Monasterio de San Pedro de Arlanza, Covarrubias','52',null),
('132','La Calahorra','53',null),
('143','Granada','53',null),
('943','Guadix','53',null),
('144','Hinuera Valley','54',null),
('145','Mt. Potts Station','55',null),
('146','Camperdown Studios, Camperdown Road, Miramar','56',null),
('152','Wellington','56',null),
('176','Poet''s Corner, Upper Hutt','56',null),
('147','Fernside','57',null),
('148','Queenstown','58',null),
('175','Lake Wakatipu','58',null),
('150','Twizel','59',null),
('151','Paradise','60',null),
('173','Tarras','61',null),
('174','Canterbury','62',null),
('179','Arrowtown Recreational Reserve','63',null),
('180','Finse','64',null),
('182','Banks','65',null),
('183','Forest Grove','66',null),
('184','Hillsboro','67',null),
('185','Elstree Studios','68',null),
('437','Borehamwood','68',null),
('439','EMI Elstree Studios','68',null),
('807','Bullhead Road, Elstree Studios','68',null),
('818','EMI-MGM Studios','68',null),
('935','MGM British Studios','68',null),
('1009','Cannon Elstree Studios','68',null),
('187','Savannah','69',null),
('188','Chippewa Square','69',null),
('189','Beaufort','70',null),
('191','Biltmore Estate - 1 Approach Road','71',null),
('192','Bluff Plantation - 3547 Combahee Road','72',null),
('195','Port Clyde','73',null),
('196','Pritchardville','74',null),
('198','Pemaquid','75',null),
('201','Flagstaff','76',null),
('411','Hotel Monte Vista','76',null),
('202','Orange','77',null),
('203','Santa Monica Pier','78',null),
('477','Santa Monica Place - 4th Street & Broadway','78',null),
('486','Santa Monica','78',null),
('1147','1457 3rd Street Promenade','78',null),
('1163','Zenzero Restaurant - 1535 Ocean Avenue','78',null),
('1166','Pacific Ocean Park','78',null),
('1316','Santa Monica Airport - 3223 Donald Douglas Loop S.','78',null),
('1728','Aero Theatre - 1328 Montana Avenue','78',null),
('1877','Ice Capades Chalet - 500 Broadway','78',null),
('204','Varnville','79',null),
('208','Los Angeles College - 1301 Avenida Cesar Chavez','80',null),
('214','Tangiers','81',null),
('216','Shizuoka','82',null),
('217','Tokyo','83',null),
('228','Rancho Palos Verdes','84',null),
('1107','The Portuguese Bend Riding Club, 40 Narcissa Drive','84',null),
('1955','Marineland of the Pacific - 6610 Palos Verdes Drive South','84',null),
('232','Leo Carrillo State Beach - 35000 W. Pacific Coast Highway','85',null),
('233','Malibu','85',null),
('1315','Point Dume','85',null),
('235','Stage 16, Warner Brothers Burbank Studios - 4000 Warner Boulevard','86',null),
('68','Battersea Power Station, Battersea','1',null),
('73','Senate House, University College London, Malet Street, Bloomsbury','1',null),
('76','London','1',null),
('86','Criterion Theatre, Jermyn Street, St James''s','1',null),
('87','George Farmiloe Building - 28-36 St John Street, Clerkenwell','1',null),
('97','Piccadilly Circus, Piccadilly','1',null),
('102','St John Street, Clerkenwell','1',null),
('186','Lee International Studios, Wembley','1',null),
('223','University College London, Bloomsbury','1',null),
('592','London Heathrow Airport, London Borough of Hillingdon','1',null),
('667','The Farmiloe Building, 34 St John Street','1',null),
('688','Acton Lane Power Station, Acton Lane, Acton','1',null),
('800','Binsey Walk, Southmere Lake, Thamesmead South','1',null),
('802','Chelsea Drugstore, Kings Road, Chelsea','1',null),
('803','Wandsworth Bridge Roundabout, Wandsworth','1',null),
('813','Taggs Island, Kingston-upon-Thames','1',null),
('814','Thamesmead South Estate, Thamesmead South','1',null),
('815','Wandsworth Prison, Heathfield Road, Wandsworth','1',null),
('819','Chelsea Embankment, Chelsea','1',null),
('823','Nettleford Hall, West Norwood Library, West Norwood','1',null),
('824','Southmere Lake, Thamesmead South','1',null),
('826','Woolwich Barracks Prison, Woolwich','1',null),
('865','St. Paul''s Cathedral, Ludgate Hill','1',null),
('877','Beckton Gasworks, Beckton','1',null),
('927','Jester''s Amusement Arcade, West Ealing','1',null),
('928','Bethnal Green Town Hall, Bethnal Green','1',null),
('929','Hatton Garden, Clerkenwell','1',null),
('932','Streatham Hill, Streatham','1',null),
('933','The Jolly Gardeners, Lambeth','1',null),
('1010','Royal Horticultural Halls & Conference Centre, Vincent Square, Westminster','1',null),
('1030','Canary Wharf, Isle of Dogs','1',null),
('1039','St. Pancras Chambers, St. Pancras Station, St. Pancras','1',null),
('1222','19, Park Street, Borough, SE1','1',null),
('1223','Pedley Street, Shoreditch','1',null),
('1224','Stables Market, Chalk Farm Road, Camden, NW1','1',null),
('1225','The Royal Oak Public House, Columbia Road, Bethnal Green','1',null),
('1226','42-44 Cheshire Street, on the corner of Grimsby Street','1',null),
('1227','Dorney Court, Dorney Lane, Windsor','1',null),
('1228','Borough Market, Borough','1',null),
('1229','Cheshire Street, Shoreditch','1',null),
('1230','Repton Boys Club, Bethnal Green','1',null),
('1231','Royal Oak Hotel - 73 Columbia Road, Bethnal Green','1',null),
('1232','Southwark Bridge, Southwark','1',null),
('1233','Three Mills Studios, Three Mill Lane, Bow','1',null),
('1234','Butler''s Wharf, Shad Thames, Southwark','1',null),
('1235','Clink Street, Southwark','1',null),
('1236','Eastern Hospital, Homerton Row, Lower Clapton','1',null),
('1237','Homerton Row, Lower Clapton','1',null),
('1238','Liverpool Street Station, Liverpool Street, Broadgate','1',null),
('1239','Liverpool Street, Broadgate','1',null),
('1240','National Liberal Club, Whitehall Place, Whitehall, Westminster','1',null),
('1241','Royal Horseguards Hotel - 1 & 2 Whitehall Court, Whitehall, Westminster','1',null),
('1242','Shad Thames, Southwark','1',null),
('1243','South Bank, Lambeth','1',null),
('1244','St Mary Overies Dock, Southwark','1',null),
('1245','Whitehall Court, Whitehall, Westminster','1',null),
('1246','Whitehall, Westminster','1',null),
('1307','Aldwych Underground Station, Aldwych, Holborn','1',null),
('1308','Trafalgar Square, St James''s','1',null),
('1309','Farringdon Underground station, Cowcross Street, Clerkenwell','1',null),
('1413','78A Talgarth Road, West Kensington','1',null),
('1418','NatWest Tower, Old Broad Street','1',null),
('1422','Big Ben, Houses of Parliament, Westminster','1',null),
('1425','Carnaby Street, Soho','1',null),
('1428','Lloyd''s Building, Lime Street, Broadgate','1',null),
('1430','Royal Eagle Hotel - 26-30 Craven Road, Bayswater','1',null),
('1432','Tower of London, Whitechapel','1',null),
('1434','Waterloo Bridge, River Thames','1',null),
('1703','Buckingham Palace, Westminster','1',null),
('1708','Kingsley Hall, Powis Road, Bromley-by-Bow','1',null),
('1712','Powis Road, Bromley-by-Bow','1',null),
('1721','Waterloo Station, Waterloo','1',null),
('1722','Charing Cross Underground Station, Charing Cross','1',null),
('1723','Mepham Street, South Bank, Lambeth','1',null),
('1725','CC Bar, Renaissance Chancery Court Hotel','1',null),
('1838','Millennum Bridge, River Thames','1',null),
('1853','St. Pancras Station, St. Pancras','1',null),
('1927','33 Portland Place, Marylebone','1',null),
('1928','Avenue Garden, Regent''s Park','1',null),
('1931','Lancaster House, The Mall, St. James''s','1',null),
('1934','Draper''s Hall, Throgmorton Avenue, Broadgate','1',null),
('1938','Harley Street, Marylebone','1',null),
('1939','Old Royal Naval College, Greenwich','1',null),
('1940','Pullens Estate, Southwark','1',null),
('1943','King''s Cross Station, King''s Cross','1',null),
('224','Da Stuzzi Delicatessen, 6 Rue César Franck, Paris 15','2',null),
('227','Paris','2',null),
('229','Rue Bouchut, Paris 15','2',null),
('747','Rue des Trois-Frères, Paris 18','2',null),
('750','Café des Deux Moulins, 15 rue Lepic, Paris 18','2',null),
('751','Abbesses, Paris 18','2',null),
('752','Gare de Lyon, Paris 12','2',null),
('753','Gare de l''Est, Paris 10','2',null),
('754','Lamarck-Caulaincourt, Paris Metro, Paris 18','2',null),
('755','Montmartre, Paris 18','2',null),
('756','Rue Lepic, Paris 18','2',null),
('757','Rue Mouffetard, Paris 5','2',null),
('758','Canal Saint-Martin, Paris 10','2',null),
('759','Gare du Nord, Paris 10','2',null),
('760','La Chapelle, Paris 10','2',null),
('761','Porte des Lilas, Le Métro','2',null),
('762','Sacré Coeur, Paris 18','2',null),
('763','Strasbourg St. Denis, Paris 10','2',null),
('1573','Avenue Frochot, Paris 9','2',null),
('1575','Palais de Chaillot, Paris 16','2',null),
('1576','Pigalle, Paris 9','2',null),
('1577','Tour Eiffel, Champ de Mars, Paris 7','2',null),
('1665','Institut Médico-Légal, 2 Place Mazas, Paris 12','2',null),
('2004','Rue Saint Julien le Pauvre, Paris 5','2',null),
('2005','Pont Neuf, Paris 1','2',null),
('2006','Promenade Plantée, Paris 12','2',null),
('2007','Le Pure Cafe - 14 Rue Jean Macé, Paris 11','2',null),
('2008','Shakespeare & Company - 37 Rue de la Bucherie, Paris 5','2',null),
('2009','Quai de la Tournelle, Paris 5','2',null),
('2010','Quai Henri-IV, Paris 4','2',null),
('2011','Cour de ''Étoile-d''Or, 75 rue du Faubourg-Saint-Antoine, Paris 11','2',null),
('1666','Relais Saint-Laurent, Rond-point Saint-Laurent','4',null),
('1663','Rue Jean Mermoz','6',null),
('1664','Château de L''Étang-la-Ville, 8 Rue de Fonton','6',null),
('515','Berlin','7',null),
('611','Gedenkstätte Hohenschönhausen, Hohenschönhausen','7',null),
('612','Altes Stadthaus, Klosterstraße','7',null),
('613','Hufelandstraße, Prenzlauer Berg','7',null),
('614','Normannenstraße, Lichtenberg','7',null),
('615','Wedekindstraße, Friedrichshain','7',null),
('740','Staaken, Spandau','7',null),
('1019','Filmwerke Staaken, Staaken, Spandau','7',null),
('1996','Reichstag, Tiergarten','7',null),
('431','La Pallice','8',null),
('432','La Rochelle','8',null),
('767','Venice','9',null),
('1003','Chiesa di San Barnaba, Campo San Barnaba, Dorsoduro','9',null),
('1014','Palazzi Barbaro, Grand Canal','9',null),
('1015','Fond Dogana alla Salute, Campo della Salute, Grand Canal','9',null),
('131','Rome','10',null),
('138','Elios Film','10',null),
('387','Cinecittà Studios, Cinecittà','10',null),
('891','Citta Valmelaina, Via Salaria','10',null),
('892','Montesacro','10',null),
('893','Piazza Vittoria','10',null),
('894','Porta Pia Piazza, Porta Pia, Montesacro','10',null),
('895','Porta Pia, Montesacro','10',null),
('896','Porta Pinciana','10',null),
('897','Porta Portese','10',null),
('898','S.A.F.A. Studios','10',null),
('899','Trastevere','10',null),
('900','Via Salaria','10',null),
('1637','Corner of Via di Salone and Via delle Case Rosse, Salone Caves','10',null),
('1640','Canale Monterano','10',null),
('1731','Filacciano','10',null),
('1732','Tivoli','10',null),
('1733','E.U.R.','10',null),
('1734','Ostia','10',null),
('1962','Fontana di Trevi','10',null),
('1963','Piazza Venezia','10',null),
('1964','Piazza del Pantheon','10',null),
('1965','Piazza di Spagna','10',null),
('1966','Spanish Steps, Chiesa di Trinità dei Monti','10',null),
('1967','The Colosseum','10',null),
('1968','Via Margutta 51','10',null),
('1969','Palazzo Barberini - Via delle Quattro Fontane','10',null),
('1970','Via del Teatro di Marcello','10',null),
('1971','Cafe Rocca, Piazza della Rotonda','10',null),
('1972','Castel Sant'' Angelo','10',null),
('1973','Via Margutta','10',null),
('1974','Via dei Fori Imperiali','10',null),
('1975','Via della Stamperia 85','10',null),
('1976','Viale del Policlinico','10',null),
('1977','Palazzo Colonna - Piazza Santi Apostoli','10',null),
('1978','Piazza della Repubblica','10',null),
('1979','Bocca della Verita "Mouth of Truth", Church of Santa Maria in Cosmedin, Piazza Bocca della Verita','10',null),
('1980','Tiber River','10',null),
('1990','Via Corinto','10',null),
('1993','Ponti-De Laurentiis Studios','10',null),
('2034','Passo Oscuro','10',null),
('2035','Quirinal Palace','10',null),
('2036','Terme di Caracalla','10',null),
('2037','Via Veneto','10',null),
('2038','Saint Peter''s Church','10',null),
('128','Cabo de Gata','11',null),
('133','Tabernas','11',null),
('135','Almería','11',null),
('141','Cortijo de los Frailes, Cabo de Gata','11',null),
('853','Desierto de Tabernas','11',null),
('854','Genovese Beach, San José','11',null),
('859','El Algarrobico Beach, Carboneras','11',null),
('864','San José','11',null),
('867','Carboneras','11',null),
('941','Almería Railway Station','11',null),
('942','Church of Santa Maria, Turrillas','11',null),
('944','Los Albaricoques, Cabo de Gata','11',null),
('945','Mini Hollywood, Tabernas','11',null),
('946','Poblado del Oeste, Tabernas','11',null),
('947','Turrillas','11',null),
('1000','Parque Natural de Cabo de Gata-Níjar','11',null),
('1947','Cortijo El Sotillo','11',null),
('137','Madrid','12',null),
('142','La Pedriza, Manzanares el Real','12',null),
('997','Petra','13',null),
('850','El Jafr','14',null),
('1','Mansfield Reformatory - 100 Reformatory Road','15',null),
('3','Mansfield','15',null),
('11','193 North Main Street','15',null),
('2','Butler','16',null),
('4','St. Croix','17',null),
('5','Upper Sandusky','18',null),
('6','Wyandot County Courthouse','18',null),
('7','Yuma','19',null),
('8','Malabar Farm State Park - 4050 Bromfield Road','20',null),
('9','Ashland','21',null),
('10','Snyder Road and Hagerman Road','22',null),
('12','Forza d''Agrò','23',null),
('13','110 Longfellow Road, Staten Island','24',null),
('15','Jack Dempsey''s Restaurant - Broadway & 49th Street, Manhattan','24',null),
('16','Old St Patrick''s Cathedral - 264 Mulberry Street, Little Italy, Manhattan','24',null),
('20','3531 White Plains Road, Bronx','24',null),
('22','5th Avenue, Manhattan','24',null),
('23','Federal Reserve Bank - 33 Liberty Street, Financial District, Manhattan','24',null),
('24','Fieldstone Mansion, Riverdale, Bronx','24',null),
('25','Mott Street, Manhattan','24',null),
('27','St Regis-Sheraton Hotel - 2 East 55th Street, Fifth Avenue, Manhattan','24',null),
('28','Staten Island','24',null),
('29','Woodside, Queens','24',null),
('30','Little Italy, Manhattan','24',null),
('31','NY Eye and Ear Infirmary, 2nd Avenue & East 13th Street','24',null),
('32','Mount Loretto, Staten Island','24',null),
('33','120 Longfellow Road, Emerson Hill, Staten Island','24',null),
('34','59th Street Bridge, Manhattan','24',null),
('35','Bronx','24',null),
('36','Edison Hotel - 228 West 47th Street, Manhattan','24',null),
('38','Calvary Cemetery, Woodside, Queens','24',null),
('39','Filmways Studios - 246 East 127th Street, East Harlem, Manhattan','24',null),
('46','Manhattan','24',null),
('47','New York City','24',null),
('48','New York County Courthouse - 60 Centre Street','24',null),
('49','Queens','24',null),
('50','Queensboro Bridge, Manhattan','24',null),
('51','Radio City Music Hall - 1260 6th Avenue, Rockefeller Center, Manhattan','24',null),
('52','Riverdale, Bronx','24',null),
('60','6th Street, Manhattan','24',null),
('61','East Village, Manhattan','24',null),
('62','Greenwich Village, Manhattan','24',null),
('64','Vazak''s Bar - 108 Avenue B, East Village, Manhattan','24',null),
('65','Tomkin''s Square, Greenwich Village, Manhattan','24',null),
('110','Fox Movietone Studio','24',null),
('248','2995 Richmond Avenue, Staten Island','24',null),
('249','Clinton Diner, Maspeth, Queens','24',null),
('250','George Washington Bridge, Manhattan','24',null),
('251','George Washington Bridge','24',null),
('252','The Oriental Manor, 1818 86th St, Brooklyn','24',null),
('253','West 9th Street & Smith Street, Brooklyn','24',null),
('254','Copacabana Nightclub - 10 East 60th Street, East Side, Manhattan','24',null),
('256','Prospect Park, Brooklyn','24',null),
('257','Spartan Diner - 7320 Grand Avenue, Maspeth, Queens','24',null),
('258','2409 Thirty Second Street, Astoria, Queens','24',null),
('259','49th Street, Manhattan','24',null),
('260','Astoria, Queens','24',null),
('262','Babbage Street, Richmond Hill, Queens','24',null),
('263','Broadway, Manhattan','24',null),
('264','Brooklyn','24',null),
('266','Coney Island Avenue & Avenue Y, Coney Island, Brooklyn','24',null),
('267','Coney Island, Brooklyn','24',null),
('268','East Side, Manhattan','24',null),
('269','Fifth Avenue, Manhattan','24',null),
('270','Foley Square, Lower Manhattan, Manhattan','24',null),
('271','Gowanus Canal, Brooklyn','24',null),
('272','Hawaii Kai Restaurant, 49th Street, Broadway, Manhattan','24',null),
('274','Jackson Hole - 6935 Astoria Boulevard, Jackson Heights, Queens','24',null),
('275','Kaufman Astoria Studios - 3412 36th Street, Astoria, Queens','24',null),
('278','Lower Manhattan, Manhattan','24',null),
('280','Maspeth, Queens','24',null),
('283','Red Hook, Brooklyn','24',null),
('284','Richmond Avenue, Staten Island','24',null),
('285','Richmond Hill, Queens','24',null),
('286','Salerno''s Restaurant - 11711 Hillside Avenue, Richmond Hill, Queens','24',null),
('287','Smith Street, Red Hook, Brooklyn','24',null),
('290','Woodhaven, Queens','24',null),
('291','JFK International Airport, Jamaica, Queens','24',null),
('355','Flatiron Building - 175 Fifth Avenue, Manhattan','24',null),
('358','Jackson Heights, Queens','24',null),
('369','71 97th Street, Upper East Side, Manhattan','24',null),
('370','Chelsea, Manhattan','24',null),
('371','1 Centre Street','24',null),
('372','East Harlem, Manhattan','24',null),
('373','El Barrio, Manhattan','24',null),
('374','Guido''s - 511 9th Avenue','24',null),
('375','Supreme Macaroni Restaurant - 511 9th Avenue, Manhattan','24',null),
('376','Upper East Side, Manhattan','24',null),
('377','Wall Street, Manhattan','24',null),
('378','Chelsea Hotel - 222 West 23rd Street, Chelsea, Manhattan','24',null),
('379','Chinatown, Manhattan','24',null),
('381','Spanish Harlem, Manhattan','24',null),
('528','SUNY Maritime College, Bronx','24',null),
('533','Greenpoint, Brooklyn','24',null),
('537','Brooklyn Heights, Brooklyn','24',null),
('539','Gerritsen Beach, Brooklyn','24',null),
('540','Sunset Park, Brooklyn','24',null),
('668','One Liberty Plaza, 165 Broadway','24',null),
('673','Trump Tower, 725 5th Ave','24',null),
('701','Grand Central Station, Manhattan','24',null),
('703','Plaza Hotel - 750 Fifth Avenue, Manhattan','24',null),
('708','United Nations - First Avenue at 46th Street, Manhattan','24',null),
('709','650 Madison Avenue','24',null),
('711','Park Avenue, Manhattan','24',null),
('764','Williamsburg Bridge','24',null),
('765','Manhattan Bridge','24',null),
('772','Intersection of Washington Street and Water Street, Dumbo, Brooklyn','24',null),
('773','Chambers Paper Fibres, Plymouth Street, Brooklyn','24',null),
('775','Woodlawn Cemetery, Bronx','24',null),
('835','13 St between 2nd & 3rd Avenues, Manhattan','24',null),
('836','202 East 13th Street, Manhattan','24',null),
('837','226 East 13th Street, Manhattan','24',null),
('838','3rd Ave between 13th and 14th Street, Manhattan','24',null),
('839','Columbia Heights','24',null),
('840','Ed Sullivan Theater - 1697 Broadway, Manhattan','24',null),
('873','Columbia University - Broadway & 116th Street, Manhattan','24',null),
('875','Park Slope, Brooklyn','24',null),
('966','21 Club - 21 West 52nd Street, Manhattan','24',null),
('967','John Golden Theater - 252 West 45th Street, Manhattan','24',null),
('970','242 West 45th Street, Manhattan','24',null),
('971','Majestic Theater, 247 West 44th Street, Manhattan','24',null),
('973','205 Columbus Avenue','24',null),
('974','59th Street, Manhattan','24',null),
('1051','Tudor City','24',null),
('1075','Hell''s Kitchen, Manhattan','24',null),
('1280','Shalimar Diner, 6368 Austin St, Rego Park','24',null),
('1281','Rao''s Restaurant, 455 East 114th Street','24',null),
('1286','Trump Tower - 725 Fifth Avenue, Manhattan','24',null),
('1287','JC Studios, Brooklyn','24',null),
('1288','300 East 55th Street, Manhattan','24',null),
('1289','North Cove Marina, 385 South End Avenue, Manhattan','24',null),
('1291','Equitable Building - 120 Broadway, Manhattan','24',null),
('1292','Nassau Street, Manhattan','24',null),
('1333','Bronx Community College - University Avenue at West 181 Street, Bronx','24',null),
('1336','Manhattan College - Manhattan College Parkway, Riverdale, Manhattan','24',null),
('1337','Fordham University - 441 E. Fordham Road. Rose Hill, Bronx','24',null),
('1604','Beekman Cinema - 1254 2nd Avenue, Manhattan','24',null),
('1606','Thalia Cinema - 250 West 95th Street, Upper West Side, Manhattan','24',null),
('1607','2nd Avenue, Manhattan','24',null),
('1608','3rd Avenue, Bronx','24',null),
('1609','70th Street, Manhattan','24',null),
('1610','Astroland Park, Coney Island, Brooklyn','24',null),
('1611','Bethesda Fountain, Central Park, Manhattan','24',null),
('1613','Central Park, Manhattan','24',null),
('1614','New York Theater','24',null),
('1617','Wall Street Tennis Club, Wall Street, Manhattan','24',null),
('1619','Steve''s Famous Clam Bar - 515 Atlantic Avenue, Brooklyn','24',null),
('1620','Surf Avenue, Coney Island, Brooklyn','24',null),
('1621','Thunderbolt Rollercoaster, Coney Island, Brooklyn','24',null),
('1622','Upper West Side, Manhattan','24',null),
('1737','Penn Station, Manhattan','24',null),
('1740','West Side Tennis Club - 1 Tennis Place, Forest Hills, Queens','24',null),
('1915','285 Prospect Park West, Brooklyn','24',null),
('1916','10th Street, Flatbush, Brooklyn','24',null),
('1917','Flatbush, Brooklyn','24',null),
('14','Savoca','25',null),
('18','Beverly House - 1011 N. Beverly Drive','26',null),
('118','Beverly Hills','26',null),
('126','1541 Summitridge Dr','26',null),
('360','Beverly Hills High School - 241 Moreno Drive','26',null),
('601','Greystone Park & Mansion - 905 Loma Vista Drive','26',null),
('1145','Kate Mantilini - 9101 Wilshire Boulevard','26',null),
('1318','10231 Charing Cross Road','26',null),
('2013','607 North Palm Drive','26',null),
('2024','North Palm Drive','26',null),
('19','Castello Degli Schiavi, Fiumefreddo di Sicilia','27',null),
('21','Ross','28',null),
('40','First United Methodist Church - 6817 Franklin Avenue, Hollywood','29',null),
('45','Los Angeles','29',null),
('54','Hollywood','29',null),
('113','20933 Roscoe Blvd, Canoga Park','29',null),
('114','River Glen Motel - 2934 Riverside Drive','29',null),
('115','3519 La Clede Avenue','29',null),
('116','Atwater Avenue And Fletcher Drive','29',null),
('117','1525 N. Van Ness Avenue','29',null),
('121','North Hollywood, Los Angeles','29',null),
('124','11827 Valerio Street, North Hollywood','29',null),
('125','11813 Runnymede Street, North Hollywood','29',null),
('127','Riverside Dr. & Glendale Blvd., Silver Lake','29',null),
('154','240 North Neptune Avenue','29',null),
('155','217 Figueroa Street','29',null),
('156','St. Brendan''s Catholic Church - 310 S. Van Ness Avenue, Hancock Park','29',null),
('157','Shipwreck Joey''s - 1331 W. B Street, Wilmington','29',null),
('158','Stage 15, 20th Century Fox Studios - 10201 Pico Blvd., Century City','29',null),
('159','Tower Theatre - 802 S. Broadway, Downtown','29',null),
('160','421 W. Eighth Street','29',null),
('161','Melrose Avenue at North Heliotrope Drive','29',null),
('162','505 North Avalon Boulevard','29',null),
('163','330 West 8th Street','29',null),
('164','150 World Way','29',null),
('165','Los Angeles Center Studios - 450 S. Bixel Street, Downtown','29',null),
('166','Olympic Theatre - 313 W. Eighth Street','29',null),
('167','San Pedro','29',null),
('168','Stage 16, 20th Century Fox Studios - 10201 Pico Blvd., Century City','29',null),
('169','123 South Figueroa Street','29',null),
('207','University of Southern California','29',null),
('209','Paramount Studios - 5555 Melrose Avenue, Hollywood','29',null),
('210','Grauman''s Chinese Theater - 6925 Hollywood Blvd., Hollywood','29',null),
('211','The Ebell of Los Angeles - 743 South Lucerne Bouelvard','29',null),
('212','Marks Hall - 612 W. 35th Place, University of Southern California','29',null),
('213','Ambassador Hotel - 3400 Wilshire Boulevard','29',null),
('219','Spring Street, Downtown','29',null),
('226','Commodore Schuyler F. Heim Bridge, Port of Los Angeles','29',null),
('230','1240 S Hope St','29',null),
('231','John Ferraro Building, 111 North Hope Street','29',null),
('236','453 S Spring St','29',null),
('237','Downtown','29',null),
('323','Pacific Electric Building','29',null),
('325','Giant Penny Building - 3rd Street & Broadway, Downtown','29',null),
('326','Rosslyn Hotel - 112 W. 5th Street','29',null),
('327','Alexandria Hotel - 501 S. Spring Street, Downtown','29',null),
('329','Spring Street Towers - 650 S. Spring Street, Downtown','29',null),
('330','Quality Coffee Shop - 1238 West 7th Street','29',null),
('351','Korean Friendship Bell, Angel''s Gate Park - 3601 Gaffey Street, San Pedro','29',null),
('352','City Hall - 200 N. Spring Street, Downtown','29',null),
('353','Herald Examiner - 1111 S. Broadway, Downtown','29',null),
('354','Los Angeles Harbor, San Pedro','29',null),
('356','Hollywood Athletic Club - 6525 W. Sunset Blvd., Hollywood','29',null),
('359','RKO Encino Ranch - Balboa Boulevard & Burbank Boulevard, Encino','29',null),
('393','Westin Bonaventure Hotel, Downtown','29',null),
('398','Los Angeles Convention Center, Downtown','29',null),
('399','1525 Industrial St','29',null),
('406','Venice High School - 13000 Venice Boulevard, Venice','29',null),
('407','Johnie''s Coffee Shop - 6101 Wilshire Boulevard, Fairfax','29',null),
('408','2206 Meade Place, Venice Beach','29',null),
('409','Archie''s Ranch Market - 7500 Lankershim Blvd, North Hollywood, Los Angeles','29',null),
('410','Metropolitan Airport - 6590 Hayvenhurst Avenue, Van Nuys','29',null),
('414','Waterman Drive, Van Nuys','29',null),
('426','Chaplin Studios - 1416 N. La Brea Avenue, Hollywood','29',null),
('427','United Artists Studios - 7200 Santa Monica Boulevard, Hollywood','29',null),
('444','4270 Lankershim Boulevard, North Hollywood, Los Angeles','29',null),
('447','San Fernando Valley','29',null),
('453','Stage 18, Paramount Studios - 5555 Melrose Avenue, Hollywood','29',null),
('458','Hollywood Boulevard & Vine Street, Hollywood','29',null),
('459','Massachusetts Ave. at Sawtelle Blvd., Brentwood','29',null),
('460','Riverton Ave. & Bluffside Drive, Studio City','29',null),
('463','Bridge, Intersection of Hayvenhurst & Plummer, San Fernando Valley','29',null),
('467','Sherman Oaks Galleria - 15301 Ventura Blvd., Sherman Oaks','29',null),
('468','Lake View Terrace Library - 12002 Osborne St, Sylmar','29',null),
('470','Elysian Park','29',null),
('472','Lakeview Medical Center - 11600 Eldridge Avenue, Lakeview Terrace','29',null),
('475','Northridge Fashion Mall - 9301 Tampa Avenue, Northridge','29',null),
('476','Northridge','29',null),
('478','Terminal Island Freeway, Wilmington','29',null),
('480','Tujunga Wash','29',null),
('481','600 Mesquit Street','29',null),
('482','6th Street Bridge','29',null),
('485','Reseda','29',null),
('487','Sherman Oaks','29',null),
('488','Sun Valley','29',null),
('500','Warner Brothers Studios - 5800 Sunset Blvd., Hollywood','29',null),
('522','Sunland','29',null),
('523','Sylmar','29',null),
('524','Travel Inn - 7254 Foothill Blvd., Tujunga','29',null),
('527','North Hills','29',null),
('563','Griffith Park - 4730 Crystal Springs Drive','29',null),
('568','9303 Roslyndale Avenue at Sunburst Street, Pacoima','29',null),
('571','Panorama City','29',null),
('574','10060 Sunset Blvd','29',null),
('575','Alto-Nido Apartments -1851 N. Ivar Street, Hollywood','29',null),
('576','Getty Mansion - 641 S. Irving Boulevard, Midtown','29',null),
('577','Paramount Gate, Paramount Studios - 5555 Melrose Avenue, Hollywood','29',null),
('578','Schwab''s Drug Store - 8000 Sunset Blvd., Hollywood','29',null),
('579','Bel-Air Country Club - 10768 Bellagio Road','29',null),
('580','Dreier Building, Paramount Studios - 5555 Melrose Avenue, Hollywood','29',null),
('581','Sunset Strip, West Hollywood','29',null),
('582','Stone Canyon Rd, Bel Air','29',null),
('583','Bullocks Wilshire, 3050 Wilshire Blvd','29',null),
('584','Perino''s Restaurant, 3927 Wilshire Boulevard','29',null),
('585','Midtown','29',null),
('586','Wilshire Boulevard','29',null),
('587','8024 Sunset Boulevard','29',null),
('598','Koreatown','29',null),
('599','Belasco Theatre - 1060 S. Hill Street, Downtown','29',null),
('602','Hollywood Forever Cemetery - 6000 Santa Monica Blvd., Hollywood','29',null),
('603','Los Angeles Theatre - 615 S. Broadway, Downtown','29',null),
('606','Park Plaza Hotel - 607 S. Park View Street','29',null),
('616','Santa Monica Mountains','29',null),
('620','Hollywood Hills','29',null),
('623','Laurel Canyon, Hollywood Hills','29',null),
('650','Ahmanson Ranch, Victory Boulevard, Lasky Mesa, West Hills','29',null),
('672','550 South Hope Street','29',null),
('674','Union Station - 800 N. Alameda Street, Downtown','29',null),
('675','West end of Third St Tunnel, Flower St at 3rd','29',null),
('676','Metro-Goldwyn-Mayer Studios, Hollywood','29',null),
('677','11388 Homedale Street, Brentwood','29',null),
('679','20105 Saticoy Rd., Canoga Park','29',null),
('680','Los Angeles Police Academy - 1880 N. Academy Drive, Elysian Park','29',null),
('681','South Bay','29',null),
('684','Chatsworth','29',null),
('685','330 S. Windsor Blvd., Hancock Park','29',null),
('694','RKO Studios - 780 Gower Street, Hollywood','29',null),
('717','Biltmore Hotel - 506 S. Grand Avenue, Downtown','29',null),
('776','5860 North Figueroa Street, Highland Park','29',null),
('777','Pat & Lorraine''s Coffee Shop - 4720 Eagle Rock Blvd., Eagle Rock','29',null),
('778','York Blvd & N Ave 50, Highland Park','29',null),
('779','4459 Eagle Rock Blvd','29',null),
('780','Belmont Tunnel - 1304 West 2nd Street','29',null),
('827','6301 Quebec Drive, Hollywood Hills','29',null),
('828','1825 N. Kingsley Drive, Hollywood','29',null),
('829','La Golondrina Cafe, Olvera Street','29',null),
('830','5330 Melrose Avenue, Hollywood','29',null),
('833','Venice Canals, Venice','29',null),
('890','Winston St. & Werdin Pl., Downtown','29',null),
('938','Olvera Street','29',null),
('948','Frolic Room - 6245 Hollywood Blvd., Hollywood','29',null),
('949','The Lovell Health House - 4616 Dundee Drive, Los Feliz','29',null),
('950','Lincoln Heights','29',null),
('951','1279 S Cochran Ave','29',null),
('952','1714 Gramercy Place','29',null),
('953','Baldwin Hills','29',null),
('954','Crossroads of the World Center - 6671 Sunset Blvd., Hollywood','29',null),
('955','J & J Sandwich Shoppe - 119 E 6th Street','29',null),
('956','Pantages Theater - 6233 Hollywood Blvd., Hollywood','29',null),
('958','5620 Hollywood Blvd.','29',null),
('959','Boardner''s of Hollywood - 1652 North Cherokee Avenue, Hollywood','29',null),
('960','Church of the Blessed Sacrament - 6657 W. Sunset Blvd., Hollywood','29',null),
('961','Echo Park','29',null),
('962','Formosa Cafe - 7156 Santa Monica Blvd., West Hollywood','29',null),
('963','Hollywood Center Motel - 6720 W. Sunset Blvd., Hollywood','29',null),
('964','Lacy Street Production Center - 2630 Lacy Street','29',null),
('965','501 Wilcox Avenue','29',null),
('969','Stage 11, 20th Century Fox Studios - 10201 Pico Blvd., Century City','29',null),
('972','The Lot - 1041 N. Formosa Avenue, West Hollywood','29',null),
('992','Iverson Ranch - 1 Iverson Lane, Chatsworth','29',null),
('1045','8623 West Sunset Boulevard, West Hollywood','29',null),
('1047','16000 Ventura Boulevard','29',null),
('1048','8648 West Sunset Boulevard, West Hollywood','29',null),
('1049','Perino''s Restaurant - 4101 Wilshire Boulevard','29',null),
('1050','I-110 and I-10 intersection','29',null),
('1053','8619 Sunset Blvd, West Hollywood','29',null),
('1076','Olympic Auditorium - 1801 S. Grand Avenue, Downtown','29',null),
('1081','Big Tujunga Wash at Foothill Blvd., Sunland','29',null),
('1083','Archer School for Girls - 11725 Sunset Boulevard, Brentwood','29',null),
('1084','Echo Park Lake, Echo Park','29',null),
('1086','Brentwood','29',null),
('1088','Mi Casa, 1400-1414 Havenhurst Drive, West Hollywood','29',null),
('1089','Ord Street, Chinatown','29',null),
('1090','Spring Street, Chinatown','29',null),
('1091','The Prince - 3198 W. Seventh Street, Koreatown','29',null),
('1094','1972 Canyon Drive, Hollywood','29',null),
('1095','5030 Lemon Grove Avenue, East Hollywood','29',null),
('1096','848 E Kensington Road, Echo Park','29',null),
('1097','Bradbury Building - 304 S. Broadway, Downtown','29',null),
('1098','Canyon Drive, Hollywood','29',null),
('1099','Council Chamber, City Hall - 200 N. Spring Street, Downtown','29',null),
('1101','Grand Avenue, Downtown','29',null),
('1102','Hollywood Boulevard, Hollywood','29',null),
('1103','Point Fermin Park - 807 W. Paseo Del Mar, San Pedro','29',null),
('1104','Silver Lake','29',null),
('1105','Biltmore Hotel Limousine lane/V.I.P. Ramp, 530 South Grand Ave','29',null),
('1106','Stage 32, Paramount Pictures - 5555 Melrose Ave.','29',null),
('1108','Stone Canyon Reservoir, Santa Monica Mountains','29',null),
('1109','Fox Plaza - 2121 Avenue of the Stars, Century City','29',null),
('1110','29th-35th Floors, Fox Plaza - 2121 Avenue of the Stars, Century City','29',null),
('1111','Los Angeles International Airport - 1 World Way','29',null),
('1143','1219 Dodds Circle','29',null),
('1144','Venice Boulevard at Georgia Street','29',null),
('1148','1284 South Western Avenue','29',null),
('1149','990 MacDonough Ave','29',null),
('1151','444 S. Flower Street, Downtown','29',null),
('1152','5th Street, Flower Street and Figueroa Street.','29',null),
('1154','Centinela Drive-In Theater - 5700 Centinela Avenue, Westchester','29',null),
('1155','Far East Bank - 350 S. Grand Avenue','29',null),
('1159','Los Angeles Airport Hilton and Towers - 5711 W. Century Blvd., Westchester','29',null),
('1162','Westin Bonaventure Hotel & Suites - 404 S. Figueroa Street, Downtown','29',null),
('1164','645 West 9th Street','29',null),
('1165','Angeleno Hotel - 170 N. Church Lane','29',null),
('1167','Venice Blvd. and Interstate 110','29',null),
('1168','Venice','29',null),
('1172','Columbia/Sunset Gower Studios - 1438 N. Gower Street, Hollywood','29',null),
('1203','Ennis-Brown House - 2655 Glendower Avenue, Los Feliz','29',null),
('1204','2nd Street Tunnel between Hill and Figueroa','29',null),
('1205','Million Dollar Theatre - 307 S. Broadway, Downtown','29',null),
('1207','Pan Am building, Downtown','29',null),
('1311','Hollywood Star Lanes - 5227 Santa Monica Blvd., Hollywood','29',null),
('1312','608 Venezia Avenue','29',null),
('1313','1824 Stearns Drive','29',null),
('1314','Dinah''s Family Restaurant - 6521 S. Sepulveda Blvd., Westchester','29',null),
('1317','Sheats-Goldstein Residence, Hollywood Hills','29',null),
('1319','6757 Santa Monica Blvd','29',null),
('1320','812 North Kenmore Avenue','29',null),
('1321','Hollywood Palace Theater - 1735 N. Vine Street, Hollywood','29',null),
('1322','West Hollywood','29',null),
('1324','Fairfax','29',null),
('1385','Woodland Hills','29',null),
('1388','Lasky Mesa, West Hills','29',null),
('1390','West Hills','29',null),
('1435','Franklin Canyon Reservoir, Santa Monica Mountains','29',null),
('1491','The Last Book Store, 453 S Spring St','29',null),
('1498','104 Fremont Place','29',null),
('1499','Red Studios, 846 N. Cahuenga Blvd., Hollywood','29',null),
('1542','5506 Atlas St','29',null),
('1605','Sunset Blvd., Hollywood','29',null),
('1612','Cajun Bistro - 8301 Sunset Blvd., West Hollywood','29',null),
('1618','W. Century Blvd. & Airport Blvd','29',null),
('1636','Saint Mark Catholic Church, Venice','29',null),
('1651','Backlot, 20th Century Fox Studios - 10201 Pico Blvd., Century City','29',null),
('1656','Lasky Mesa, Chatsworth','29',null),
('1657','Stage 5, 20th Century Fox Studios - 10201 Pico Blvd., Century City','29',null),
('1689','Raleigh Studios - 5300 Melrose Avenue, Hollywood','29',null),
('1690','Samuel Goldwyn Studios - 7200 Santa Monica Boulevard, West Hollywood','29',null),
('1730','Loyola High School - 1901 Venice Boulevard','29',null),
('1738','Canoga Park','29',null),
('1741','Rowland V. Lee Ranch - Fallbrook Avenue, Canoga Park','29',null),
('1771','Griffith Observatory, 2800 E Observatory Rd','29',null),
('1802','724 South Hill Street','29',null),
('1807','Tunnel at Lower Grand & West Gen Thad Kosciuszko Way','29',null),
('1808','Alamo Gun Shop - 14329 Victory Blvd., Van Nuys','29',null),
('1810','Department Of Water And Power - 111 N Hope Street','29',null),
('1812','Van Nuys','29',null),
('1814','185 South Figueroa Street','29',null),
('1815','219 West 7th Street','29',null),
('1816','2848 E Observatory Ave','29',null),
('1817','212 West 7th Street','29',null),
('1819','420 South Lafayette Park Place','29',null),
('1820','583 West Gen Thad Kosciuszko Way @ South Grand Avenue','29',null),
('1821','795 Keller Street','29',null),
('1861','Hollywood Sign, Hollywood','29',null),
('1865','Resurrection Gym - 1114 S. Lorena Street','29',null),
('1867','Main Street Gym - 318½ S Main St, Downtown','29',null),
('1871','Los Angeles Sports Arena - 3939 S. Figueroa Street, Exposition Park','29',null),
('1985','CBS Studio Center - 4024 Radford Avenue, Studio City','29',null),
('1986','Republic Studios, Hollywood','29',null),
('2015','Alumni Park - 3551 Trousdale Parkway, University of Southern California','29',null),
('328','Warner Brothers Burbank Studios - 4000 Warner Boulevard','86',null),
('412','French Street, Warner Brothers Burbank Studios - 4000 Warner Boulevard','86',null),
('413','Stage 7, Warner Brothers Burbank Studios - 4000 Warner Boulevard','86',null),
('415','Stage 11, Warner Brothers Burbank Studios - 4000 Warner Boulevard','86',null),
('416','Stage 12, Warner Brothers Burbank Studios - 4000 Warner Boulevard','86',null),
('417','Stage 14, Warner Brothers Burbank Studios - 4000 Warner Boulevard','86',null),
('418','Stage 17, Warner Brothers Burbank Studios - 4000 Warner Boulevard','86',null),
('419','Stage 18, Warner Brothers Burbank Studios - 4000 Warner Boulevard','86',null),
('420','Stage 25, Warner Brothers Burbank Studios - 4000 Warner Boulevard','86',null),
('421','Stage 4, Warner Brothers Burbank Studios - 4000 Warner Boulevard','86',null),
('422','Stage 5, Warner Brothers Burbank Studios - 4000 Warner Boulevard','86',null),
('423','Stage 6, Warner Brothers Burbank Studios - 4000 Warner Boulevard','86',null),
('424','Stage 8, Warner Brothers Burbank Studios - 4000 Warner Boulevard','86',null),
('425','Stage 9, Warner Brothers Burbank Studios - 4000 Warner Boulevard','86',null),
('520','Burbank','86',null),
('567','Burbank Community Center','86',null),
('570','McCambridge Recreation Center, 1515 N. Glenoaks Blvd.','86',null),
('573','Burger King - 535 N Victory Blvd.','86',null),
('597','Dijon Street, Warner Brothers Burbank Studios - 4000 Warner Boulevard','86',null),
('608','Walt Disney Studios, 500 South Buena Vista Street','86',null),
('683','Alameda Avenue','86',null),
('687','Blondie Street, Columbia/Warner Bros. Ranch - 411 North Hollywood, Los Angeles Way','86',null),
('831','Burbank Southern Pacific Station','86',null),
('995','Stage 1, Warner Brothers Burbank Studios - 4000 Warner Boulevard','86',null),
('1153','Bob''s Big Boy - 4211 W Riverside Drive','86',null),
('1206','New York Street, Warner Brothers Burbank Studios - 4000 Warner Boulevard','86',null),
('1208','Stage 24, Warner Brothers Burbank Studios - 4000 Warner Boulevard','86',null),
('1501','Stage 20, Warner Brothers Burbank Studios - 4000 Warner Boulevard','86',null),
('1743','Stage 15, Warner Brothers Burbank Studios - 4000 Warner Boulevard','86',null),
('1919','Laramie Street, Warner Brothers Burbank Studios - 4000 Warner Boulevard','86',null),
('1925','Western Street, Columbia/Warner Bros. Ranch - 411 North Hollywood, Los Angeles Way','86',null),
('1998','Walt Disney Feature Animation - 500 S. Buena Vista Street','86',null),
('2029','Stage 19, Warner Brothers Burbank Studios - 4000 Warner Boulevard','86',null),
('2030','Stage 22, Warner Brothers Burbank Studios - 4000 Warner Boulevard','86',null),
('2031','Stage 28, Warner Brothers Burbank Studios - 4000 Warner Boulevard','86',null),
('2032','Stage 28A, Warner Brothers Burbank Studios - 4000 Warner Boulevard','86',null),
('238','Falls Lake, Backlot, Universal Studios - 100 Universal City Plaza','87',null),
('442','Psycho House, Backlot, Universal Studios - 100 Universal City Plaza','87',null),
('448','Stage 18, Universal Studios - 100 Universal City Plaza','87',null),
('449','Stage 28, Universal Studios - 100 Universal City Plaza','87',null),
('561','Courthouse Square, Backlot, Universal Studios - 100 Universal City Plaza','87',null),
('572','Stage 12, Universal Studios - 100 Universal City Plaza','87',null),
('600','Brownstone Street, Backlot, Universal Studios - 100 Universal City Plaza','87',null),
('605','New York Street, Backlot, Universal Studios - 100 Universal City Plaza','87',null),
('842','Stage 32, Universal Studios - 100 Universal City Plaza','87',null),
('843','Stage 29, Universal Studios - 100 Universal City Plaza','87',null),
('844','Stage 30, Universal Studios - 100 Universal City Plaza','87',null),
('889','Stage 27, Universal Studios - 100 Universal City Plaza','87',null),
('1330','Tower of London, Backlot, Universal Studios - 100 Universal City Plaza','87',null),
('1572','Universal Studios - 100 Universal City Plaza','87',null),
('1848','Backlot, Universal Studios - 100 Universal City Plaza','87',null),
('1953','Mexican Street, Backlot, Universal Studios - 100 Universal City Plaza','87',null),
('1954','Little Europe, Backlot, Universal Studios - 100 Universal City Plaza','87',null),
('1956','Mediterranean Square, Backlot, Universal Studios - 100 Universal City Plaza','87',null),
('239','Oregon State Mental Hospital - 2600 Center Street NE','88',null),
('242','Salem','88',null),
('279','Marlboro','89',null),
('288','Tampa','90',null),
('292','Nashville','91',null),
('491','Tennessee State Penitentiary','91',null),
('293','Sydney','92',null),
('294','Redfern','92',null),
('296','Westin Hotel, Martin Place','92',null),
('297','AON Tower, Kent Street','92',null),
('298','Colonial State Bank Centre, Martin Place','92',null),
('299','Fox Studios, Moore Park','92',null),
('301','Rozelle','92',null),
('302','Waterloo','92',null),
('303','White Bay Studios, Balmain','92',null),
('304','BT Tower, Market Street','92',null),
('305','Chippendale','92',null),
('306','Corner of Pitt, O''Connell and Hunter Streets','92',null),
('307','Forty One Restaurant, Chifley Tower','92',null),
('308','Hickson Road, Millers Point','92',null),
('309','Martin Place Fountain, Martin Place','92',null),
('310','Museum Underground Station, Hyde Park','92',null),
('311','Surry Hills','92',null),
('312','Sydney Central Business District','92',null),
('313','Allianz Building, Market Street','92',null),
('986','Potts Hill','92',null),
('295','San Francisco','93',null),
('713','Fort Point, Presidio, Golden Gate National Recreation Area','93',null),
('714','900 Lombard Street','93',null),
('718','Brocklebank Apartments - 1000 Mason Street','93',null),
('719','Palace of Fine Arts - 3301 Lyon Street','93',null),
('721','Ernie''s Restaurant - 847 Montgomery St','93',null),
('722','Union St & Montgomery St','93',null),
('723','1007 Gough Street','93',null),
('724','California Palace of the Legion of Honor - 34th Avenue & Clement Street','93',null),
('725','Claude Lane, Bush Street','93',null),
('726','Fairmont Hotel - 950 Mason Street, Nob Hill','93',null),
('727','Gough Street & Eddy Street, Western Addition','93',null),
('728','Park Hill Sanatorium - 351 Buena Vista Avenue E.','93',null),
('729','San Francisco Drydock, The Dogpatch','93',null),
('730','The Conservatory of Flowers, Golden Gate Park','93',null),
('731','York Hotel - 940 Sutter Street','93',null),
('732','Mission Dolores - 3321 16th Street','93',null),
('733','224 Grant Avenue','93',null),
('1519','Ferry Building','93',null),
('1520','Golden Gate Bridge','93',null),
('1521','Bush Street','93',null),
('314','Jerba','94',null),
('315','Nefta','95',null),
('316','Tozeur','96',null),
('317','Matmata','97',null),
('319','Shepperton Studios','98',null),
('1025','London Film Studios','98',null),
('1040','Shepperton','98',null),
('1603','Lee International Studios','98',null),
('321','Izu Peninsula','99',null),
('322','Rio de Janeiro','100',null),
('331','Pittsburgh','101',null),
('336','Carnegie Museum of Natural History - 4400 Forbes Avenue','101',null),
('349','Old Allegheny County Jail - 5th Ave & Ross Street','101',null),
('350','Soldiers and Sailors Museum and Memorial - 4141 Fifth Avenue','101',null),
('660','Heinz Field - 100 Art Rooney Avenue','101',null),
('662','Carnegie Mellon University - 5000 Forbes Avenue','101',null),
('1295','North Hills High School','101',null),
('1296','Petersen Events Center','101',null),
('332','Western Center - 333 Curry Hill Rd.','102',null),
('334','Bellaire','103',null),
('335','Bimini Airport, South Bimini Island','104',null),
('337','Front St','105',null),
('338','Lindbergh Avenue','106',null),
('339','McKeesport','107',null),
('1372','McKeesport and Versailles Cemetery - 1608 Fifth Avenue','107',null),
('340','Memphis','108',null),
('342','8 Circle Street','109',null),
('344','E 8th Ave & Amity St','110',null),
('345','FBI Academy','111',null),
('346','Lambert International Airport - 10701 Lambert International Boulevard','112',null),
('347','Layton','113',null),
('348','Main Street West','114',null),
('361','4587 Viro Road','115',null),
('362','RKO-Pathé Studios - 9336 Washington Blvd.','116',null),
('395','Sony Pictures Studios - 10202 W. Washington Blvd.','116',null),
('670','Stage 30, Sony Pictures Studios - 10202 W. Washington Blvd.','116',null),
('697','Metro-Goldwyn-Mayer Studios - 10202 W. Washington Blvd.','116',null),
('1077','Culver City','116',null),
('1078','Culver Studios - 9336 W. Washington Blvd.','116',null),
('1323','Jefferson Blvd. at Duquesne Avenue','116',null),
('1328','Selznick International Studios - 9336 Washington Blvd.','116',null),
('363','Arezzo','117',null),
('364','Cortona','117',null),
('366','Montevarchi','117',null),
('365','Ronciglione','118',null),
('1735','Viterbo','118',null),
('1991','Piazza Cavour, Bagnoregio','118',null),
('1992','Bagnoregio','118',null),
('2033','Bassano Romano','118',null),
('367','Papigno','119',null),
('368','Terni','119',null),
('380','Hoboken','120',null),
('774','Hoboken Terminal - 1 Hudson Place','120',null),
('1135','Hoboken Railway Station','120',null),
('1136','Our Lady Of Grace Church - 400 Willow Avenue','120',null),
('1137','St Peter and St Paul Church - 400 Hudson Street','120',null),
('1138','Court Street','120',null),
('1139','Hoboken Waterfront','120',null),
('1140','Hudson Street','120',null),
('1141','Stevens Park, Hudson Street','120',null),
('1142','Willow Avenue','120',null),
('383','Moab','121',null),
('1002','South Park Avenue, Arches National Park','121',null),
('1006','Arches National Park','121',null),
('385','Bavispe','122',null),
('388','Calgary','123',null),
('389','Lethbridge','124',null),
('390','Canmore','125',null),
('391','Okotoks','126',null),
('392','Nanton','127',null),
('394','Fort Macleod','128',null),
('397','Torrance','129',null),
('663','El Camino College','129',null),
('682','South High School - 4801 Pacific Coast Highway','129',null),
('401','Curracloe Beach','130',null),
('402','Former British Aerospace factory','131',null),
('405','Hatfield','131',null),
('1035','Hatfield House','131',null),
('403','Thame Park','132',null),
('428','Rickmansworth Masonic School for Girls, Chorleywood Road','133',null),
('440','Rickmansworth','133',null),
('430','University of the Pacific','134',null),
('436','Stockton','134',null),
('433','San Rafael','135',null),
('434','Kairouan','136',null),
('435','Sousse','137',null),
('438','Bushey','138',null),
('441','Sedala','139',null),
('443','Jefferson Hotel, 109 S. Central','140',null),
('446','Phoenix','140',null),
('451','Title and Trust Building, 114 West Adams Street','140',null),
('452','Valley Bank and Trust Company Building, North Central Avenue and Monroe Street','140',null),
('454','Cabourg','141',null),
('455','Villard-sur-Doron','142',null),
('456','Sierra Hwy. & Penman Rd.','143',null),
('457','Santa Clarita','143',null),
('461','San Pedro Harbor','144',null),
('474','Long Beach','144',null),
('686','Long Beach Polytechnic High School - 1600 Atlantic Avenue','144',null),
('957','RMS Queen Mary - 1126 Queens Highway','144',null),
('1156','Harbor Place Tower - 525 E. Seaside Way','144',null),
('1161','St. Mary''s Hospital - 1050 Linden Avenue','144',null),
('1688','Long Beach Airport - 4101 E. Donald Douglas Drive','144',null),
('1726','Country Club Drive','144',null),
('1727','4252 Country Club Drive','144',null),
('462','Bayside Parkway & Gateway Blvd.','145',null),
('464','Fremont','145',null),
('465','Kaiser Steel Mill','146',null),
('471','Fontana','146',null),
('466','San Jose','147',null),
('469','Santa Fe','148',null),
('1532','Garson Studios, College of Santa Fe - 1600 Saint Michaels Drive','148',null),
('473','Lancaster','149',null),
('1543','E Ave G & 198th St E','149',null),
('489','Shelbyville','150',null),
('492','Blowing Rock','151',null),
('496','Flat Top Manor, Moses Cone National Park','151',null),
('501','Moses Cone National Park','151',null),
('495','Columbia','152',null),
('497','Lewisburg','153',null),
('499','Nolensville','154',null),
('503','Beelitz','155',null),
('504','Instalatorów, Ochota','156',null),
('505','Konopacka, Praga Pólnoc','156',null),
('506','Kozia, Sródmiescie','156',null),
('507','Krakowskie Przedmiescie, Sródmiescie','156',null),
('508','Norblin Factory, Wola','156',null),
('509','Zabkowska, Praga Pólnoc','156',null),
('510','Hotel Saski, Plac Bankowy, Sródmiescie','156',null),
('512','Mala, Praga Pólnoc','156',null),
('513','Rembertów','156',null),
('517','Stalowa, Praga Pólnoc','156',null),
('518','Warsaw','156',null),
('511','Kobylka','157',null),
('514','Babelsberg','158',null),
('519','Studio Babelsberg','158',null),
('1896','Potsdam','158',null),
('1900','Sans-Souci','158',null),
('516','Jüterbog','159',null),
('525','Hill Crest Inn, 9111 Sepulveda Blvd','160',null),
('526','Carson','161',null),
('529','Quincy','162',null),
('536','Fore River Ship Yard','162',null),
('530','Boston','163',null),
('531','Charlestown','163',null),
('532','Chinatown','163',null),
('535','12 Farnsworth Street','163',null),
('538','Erich Lindemann Mental Health Center - 25 Staniford Street','163',null),
('1120','Dorchester','163',null),
('1122','Public Garden - Charles and Beacon Streets','163',null),
('1123','Woody''s L Street Tavern - 658 E. Eighth Street #A, South Boston','163',null),
('1124','Bunker Hill Community College - 250 N. Rutherford Avenue, Charlestown','163',null),
('1127','E. 5th Street, South Boston','163',null),
('1131','South Boston District Municipal Court - 535 East Broadway, South Boston','163',null),
('1133','W. 5th Street, South Boston','163',null),
('1673','Peddocks Island, Boston Harbor','163',null),
('1682','Boston Harbor','163',null),
('1683','Hyde Park','163',null),
('534','Lynn','164',null),
('543','Bourne Woods','165',null),
('544','Ouarzazate','166',null),
('545','Val d''Orcia','167',null),
('547','Aït Benhaddou','168',null),
('548','Baler Bay','169',null),
('552','Baler','169',null),
('550','Iba','170',null),
('551','Pagsanjan River','171',null),
('555','Pagsanjan','171',null),
('557','Whittier High School - 12417 E. Philadelphia Street','172',null),
('562','Puente Hills Mall - 1600 Azusa Avenue','173',null),
('1803','City of Industry','173',null),
('1813','Kern''s Of California - 13010 East Temple Avenue','173',null),
('566','Walt Disney''s Golden Oak Ranch - 19802 Placerita Canyon Road','174',null),
('649','Melody Ranch - 24715 Oak Creek Avenue','174',null),
('569','Chino','175',null),
('590','Québec','176',null),
('595','Telluride','177',null),
('1561','New Sheridan Bar - 231 W. Colorado Avenue','177',null),
('596','Downey Studios - 12214 Lakewood Boulevard','178',null),
('607','Rockwell Defense Plant - Bellflower & Imperial Highway','178',null),
('1146','7445 Firestone Boulevard','178',null),
('1158','Johnie''s Broiler - 7447 Firestone Blvd.','178',null),
('609','Redstone Castle','179',null),
('610','Bray Studios, Down Place','180',null),
('617','Agoura Hills','181',null),
('622','Lake Vista Drive','181',null),
('624','Mulholland Highway','181',null),
('626','Cefalù','182',null),
('627','Bagheria','182',null),
('628','Chiusa Sclafani','182',null),
('629','Palazzo Adriano','182',null),
('630','Palermo','182',null),
('631','Castelbuono','182',null),
('632','Lascari','182',null),
('633','Santa Flavia','182',null),
('634','Termini Imerese','182',null),
('635','Schleißheim Palace','183',null),
('636','Bavaria Studios, Bavariafilmplatz 7, Geiselgasteig','184',null),
('1113','Geiselgasteig','184',null),
('637','Munich','185',null),
('639','Pacaria-Filmkunst Studios','185',null),
('638','Bernried','186',null),
('646','Jackson Hole','187',null),
('647','New Orleans','188',null),
('651','Second Line Stages','188',null),
('1586','Madame John''s Legacy, the French Quarter','188',null),
('1589','Audubon Park','188',null),
('1592','Urbania, Lower Garden District','188',null),
('1593','Columns Hotel - 3811 St Charles Avenue','188',null),
('655','Mehrangarh Fort','189',null),
('656','Wollaton Hall','190',null),
('671','Nottingham','190',null),
('658','La loggia bar & restaurant','191',null),
('659','Osterley Park House','192',null),
('1024','Isleworth','192',null),
('664','Croydon','193',null),
('666','Newark','194',null),
('678','Sacramento','195',null),
('690','Balboa Park - 1549 El Prado','196',null),
('695','San Diego','196',null),
('698','Southern Pacific Railroad Tunnel between Santa Susana & Chatsworth','197',null),
('700','Mount Rushmore National Memorial - Highway 244','198',null),
('704','Bakersfield','199',null),
('705','Potrero Valley','200',null),
('1436','Ventura Blvd.','200',null),
('1652','Janss Conejo Ranch','200',null),
('715','Mission San Juan Bautista - 2nd Street & Mariposa Street','201',null),
('736','Busan','202',null),
('737','Seoul','203',null),
('738','Songgye High School','204',null),
('739','Bodensee','205',null),
('741','Redwood National Park','206',null),
('742','Miller-Rellim Redwood Company Property, Redwood National Park','206',null),
('745','Crescent City','206',null),
('748','Cologne','207',null),
('749','Eaubonne','208',null),
('766','Montréal','209',null),
('1535','2560 Rue Masson','209',null),
('1536','175 Boulevard Deguire','209',null),
('768','Louiseville','210',null),
('769','Don Cesar Hotel - 3400 Gulf Boulevard','211',null),
('770','Spring Lake','212',null),
('785','Loch Leven','213',null),
('786','Ardmore Studios, Herbert Road','214',null),
('789','Trim Castle','215',null),
('791','King John''s Castle','215',null),
('799','Trim','215',null),
('797','St Margarets','216',null),
('1633','Kilmainham Jail','216',null),
('1634','Dublin','216',null),
('1887','Dublin Castle','216',null),
('801','Brunel University','217',null),
('817','Lecture Centre, Brunel University','217',null),
('804','Bricket Wood','218',null),
('805','Elstree','219',null),
('820','Edgwarebury Hotel, Barnet Lane','219',null),
('806','Skybreak','220',null),
('825','Warren Radlett','220',null),
('808','Manor Lodge School, Rectory Lane, Ridge Hill','221',null),
('811','Shenley Lodge, Black Lion Hill','221',null),
('809','Princess Alexandra Hospital','222',null),
('810','Radlett Aerodrome Hangers','223',null),
('812','Shipton Under Wychwood','224',null),
('1724','Oxford','224',null),
('816','Ward Royal','225',null),
('1933','Cumberland Lodge, Windsor Great Park','225',null),
('821','Friar''s Square','226',null),
('841','Monroeville','227',null),
('846','Alfonso XIII Hotel - 2 San Fernando 41004','228',null),
('847','El Casino, Avenida de Maria Luisa','228',null),
('851','Plaza de España','228',null),
('857','Parque de Maria Luisa, Avenida de Isabel la Catolica','228',null),
('858','Casa de Pilatos, Plaza de Pilatos','228',null),
('861','Palacio Espanol, Plaza de España','228',null),
('862','Plaza de Pilatos','228',null),
('863','Plaza of the Americas','228',null),
('866','Avenida de Isabel la Catolica','228',null),
('868','Sevilla','228',null),
('856','Merthyr Mawr','229',null),
('860','Maan','230',null),
('871','Bayonne','231',null),
('880','RAF Swinderby, Swinderby','232',null),
('881','Cliffe marshes','233',null),
('882','Bassingbourn Barracks','234',null),
('901','Kromeríz','235',null),
('902','Prague','236',null),
('903','Hradcany Square, Hradcany','236',null),
('905','Estates Theatre, Ovocný trh 1, Old Town','236',null),
('906','Gryspek Palace, Hradcany Square, Hradcany','236',null),
('907','Palace of the Grand Prior of the Knights of Malta, Maltese Square, Malá Strana','236',null),
('908','St Giles'' Church, Husova Street, Old Town','236',null),
('912','Hradcanske Námestí, Hradcany','236',null),
('914','Maltese Square, Malá Strana','236',null),
('909','Wien Südbahnhof - Wiedner Gürtel 1, Favoriten','237',null),
('910','Vienna','237',null),
('1020','Riesenrad, Prater','237',null),
('1021','Zentral-Friedhof, Simmeringen Hauptstrasse','237',null),
('1022','Hotel Sacher, Philharmonikerstrasse 4','237',null),
('1023','Palais Pallavicini, Josephsplatz 5','237',null),
('1776','Café Sperl, Gumpendorfer Strasse 11','237',null),
('1777','Kleines Café, Franziskanerplatz 3','237',null),
('1778','Friedhof der Namenlosen, Alberner Strasse 54','237',null),
('1779','Maria Am Gestade, Passauer Platz','237',null),
('911','Plzen','238',null),
('913','Monte Argentario','239',null),
('915','Bodiam Castle','240',null),
('916','Castle Stalker','241',null),
('920','Loch Laich','241',null),
('926','Appin','241',null),
('917','Doune Castle, Doune','242',null),
('918','Stirling','242',null),
('924','Victoria','243',null),
('930','Oaklands Agricultural College','244',null),
('931','Perivale','245',null),
('939','Kyoto','246',null),
('940','Nara','247',null),
('968','Shubert Theater - 247 College Street','248',null),
('975','Görlitz','249',null),
('976','Bad Schandau','250',null),
('978','Krampnitz','251',null),
('979','Nauen','252',null),
('980','Rüdersdorf','253',null),
('981','Sebnitz','254',null),
('983','Cape Town Film Studios','255',null),
('984','Erongo','256',null),
('985','Penrith','257',null),
('987','Tampico','258',null),
('988','Acapulco','259',null),
('991','Tucson','260',null),
('993','Jungapeo','261',null),
('994','San Jose Purua','262',null),
('996','Tehran','263',null),
('998','Amarillo','264',null),
('999','Pagosa Springs','265',null),
('1001','Schloss Bürresheim','266',null),
('1004','Cortez','267',null),
('1005','Cumbres & Toltec Scenic Railroad','268',null),
('1552','Chama','268',null),
('1008','Blenheim Palace','269',null),
('1013','Woodstock','269',null),
('1011','Stowe School','270',null),
('1016','North Weald','271',null),
('1017','Tilbury','272',null),
('1018','Alamosa','273',null),
('1026','Mentmore Towers','274',null),
('1029','Coalhouse Fort','275',null),
('1032','Waukegan','276',null),
('1036','Knebworth House','277',null),
('1041','631 Para Grande Lane','278',null),
('1043','656 Park Ln','278',null),
('1054','Santa Barbara','278',null),
('1042','3501 Southwest 130th Avenue','279',null),
('1044','485 West Matheson Drive','280',null),
('1058','Hotel del Coronado - 1500 Orange Avenue','281',null),
('1059','Coronado Beach','281',null),
('1060','Brooks','282',null),
('1061','Longview','283',null),
('1062','Drumheller','284',null),
('1063','High River','285',null),
('1064','Red Hills Ranch','286',null),
('1065','Ladakh','287',null),
('1066','IIM Campus','288',null),
('1073','Bangalore','288',null),
('1067','Noida','289',null),
('1068','Shimla','290',null),
('1072','Woodville Palace Hotel','290',null),
('1069','Madh Island','291',null),
('1070','Mumbai','291',null),
('1074','Delhi','292',null),
('1079','St. Petersburg','293',null),
('1080','Taastrup','294',null),
('1092','Trident Ranch (actor Walter Brennan''s then-home), 3240 Sunset Valley Road','295',null),
('1112','Füssen','296',null),
('1114','Munich Railway Line','297',null),
('1116','Central Tech. High School','299',null),
('1117','Toronto','299',null),
('1118','University of Toronto','299',null),
('1119','Upfront Bar & Grill - 106 Front Street E.','299',null),
('1130','Ontario Specialty Co','299',null),
('1567','CFTO-TV Studios, Scarborough','299',null),
('1121','Dunster House, Harvard University','300',null),
('1125','Bow & Arrow Pub - 1 Bow Street, Harvard Square','300',null),
('1126','Cambridge','300',null),
('1128','Harvard Square','300',null),
('1129','Massachusetts Institute of Technology - 77 Massachusetts Avenue','300',null),
('1132','The Tasty, Harvard Square','300',null),
('1150','202 Berth','301',null),
('1157','Interstate 105','302',null),
('1160','Metro Green Line, Marine/Redondo Station - 2406 Marine Avenue','303',null),
('1169','Belchite','304',null),
('1170','El Espinar','305',null),
('1171','Segovia','305',null),
('1176','Ambepussa','306',null),
('1177','Peradeniya Botanical Gardens','307',null),
('1178','Colombo','308',null),
('1179','Kitulgala','309',null),
('1181','Kandy','310',null),
('1185','Kalugamuwa, Gelioya','310',null),
('1182','Mahara','311',null),
('1183','Mount Lavinia Hotel - 100 Hotel Road','312',null),
('1184','Mount Lavinia','312',null),
('1186','Aso','313',null),
('1187','Gotemba','314',null),
('1188','Himeji','315',null),
('1189','Kokonoe','316',null),
('1190','Kumamoto Castle','317',null),
('1191','Nagoya Castle','318',null),
('1192','Shonai','319',null),
('1194','Truckee','320',null),
('1195','Skevik','321',null),
('1197','Gustavsberg','321',null),
('1196','Skytteholm','322',null),
('1199','Solna','322',null),
('1198','Hovs Hallar - Naturreservat','323',null),
('1200','Svensk Filmindustri, Filmstaden','324',null),
('1201','Viby','325',null),
('1202','Östanå','326',null),
('1209','Dalarö','327',null),
('1212','Ängö','328',null),
('1213','Lund','329',null),
('1215','Palacio de Justicia de la Nación - 550 Talcahuano','330',null),
('1217','Buenos Aires','331',null),
('1747','176 Av Córdoba','331',null),
('1748','33°56''18.9"S 59°24''51.1"W, RN 9, Km 127, Baradero','331',null),
('1749','1168 Suipacha','331',null),
('1218','Cottage Grove','332',null),
('1582','Gooseline Railroad','332',null),
('1219','Eugene','333',null),
('1221','Row River','334',null),
('1250','Hanford','335',null),
('1259','Henderson Sky Harbor Airport','336',null),
('1261','Jean Dry Lake Bed','337',null),
('1269','Overton','338',null),
('1276','Valley of Fire State Park - Route 169','338',null),
('1278','Portofino','339',null),
('1282','Closter','340',null),
('1293','Boardwalk Hall','341',null),
('1294','Meadows Racetrack & Casino - 210 Racetrack Road','342',null),
('1297','Philadelphia','343',null),
('1504','St. Augustine Catholic Church - 4th and Vine Streets','343',null),
('1505','Striped Bass - 1500 Walnut Street','343',null),
('1780','Girard College - 2101 S. College Avenue','343',null),
('1781','Wanamaker''s Department Store - 1313 Chestnut Street','343',null),
('1782','Eastern State Penitentiary - 2124 Fairmont Avenue','343',null),
('1784','Richmond Generating Station - 3901 N. Delaware Avenue','343',null),
('1789','City Hall - Broad and 15th Streets','343',null),
('1790','Delaware Generating Station','343',null),
('1791','Memorial Hall - 42nd and Parkside, Fairmount Park','343',null),
('1792','Met Theatre - N. Broad Street and Poplar Streets','343',null),
('1794','Philadelphia Convention Center - 1700 Market Street','343',null),
('1795','Philadelphia Zoo - 3400 W. Girard Avenue','343',null),
('1796','Renfrew Center - 475 Spring Avenue','343',null),
('1797','Ridgeway Library - 901 S. Broad Street','343',null),
('1862','1818 East Tusculum Street, Kensington','343',null),
('1863','Pat''s King of Steaks - 1237 S. Passyunk Avenue','343',null),
('1864','Fairmount Park','343',null),
('1868','Philadelphia Museum of Art - 2600 Benjamin Franklin Parkway','343',null),
('1869','2822-2824 Rosehill St','343',null),
('1870','Kensington','343',null),
('1872','Philadelphia City Hall - 1450 John F. Kennedy Blvd.','343',null),
('1873','North Christopher Columbus Blvd','343',null),
('1874','S. 9th Street & Washington Avenue','343',null),
('1875','1124 Jackson street','343',null),
('1876','South 11th street & Cantrell st','343',null),
('1298','Grosse Pointe','344',null),
('1304','Detroit','344',null),
('1305','13140 Charlevoix St','344',null),
('1300','204 W 11 Mile Rd','345',null),
('1302','Royal Oak','345',null),
('1301','Highland Park','346',null),
('1306','Güterfelde','347',null),
('1327','Palos Verdes','348',null),
('1329','former Reichsparteitag area','349',null),
('1331','Princeton','350',null),
('1332','Belleville','351',null),
('1334','East Orange','352',null),
('1335','Fairleigh Dickinson University - 285 Madison Avenue','353',null),
('1338','Jacksonville','354',null),
('1339','Tavares','355',null),
('1342','Lodi','356',null),
('1344','Bangkok','357',null),
('1357','Don Mueang International Airport, Don Mueang','357',null),
('1345','Clairton','358',null),
('1346','Follansbee','359',null),
('1349','Bowladrome Lanes - 56 State Street','360',null),
('1374','Struthers','360',null),
('1352','Mill Creek Park','361',null),
('1366','Youngstown','361',null),
('1354','St. Theodosius Russian Orthodox Church - 733 Starkweather Avenue','362',null),
('1360','Lemko Hall - 2335 W. Eleventh Street','362',null),
('1363','US Steel Widowmaker Central Blast Furnace','362',null),
('1369','Cleveland','362',null),
('1371','Louis Stokes VA Medical Center - 10701 East Boulevard','362',null),
('1373','Starkweather Avenue','362',null),
('1753','East 9th St','362',null),
('1757','Public Square','362',null),
('1758','Lakeside Court House','362',null),
('1761','Ameritrust Rotunda','362',null),
('1762','Cedar Avenue and Ashland Road','362',null),
('1355','Whatcom County','363',null),
('1356','993 N. 7th Street','364',null),
('1362','Steubenville','364',null),
('1358','Duquesne Heights','365',null),
('1364','Weirton','366',null),
('1376','Bidwell Park - Manzanita Avenue','367',null),
('1379','Paradise Apple Orchard','367',null),
('1382','Chico','367',null),
('1378','North Little Rock','368',null),
('1380','Paradise','369',null),
('1384','Pentz Road','369',null),
('1381','Calabasas','370',null),
('1563','20th Century Fox Ranch, Malibu Creek State Park - 1925 Las Virgenes Road','370',null),
('1391','Fargo','371',null),
('1392','Embers Restaurant - 7525 Wayzata Boulevard','372',null),
('1403','St. Louis Park','372',null),
('1393','Grafton','373',null),
('1394','Bathgate','374',null),
('1395','Edina City Hall - 4801 W. 50th Street','375',null),
('1406','Edina','375',null),
('1396','Hitching Post Motel','376',null),
('1397','Stillwater','377',null),
('1398','Chanhassen Dinner Theatre','378',null),
('1399','Minneapolis-Saint Paul International Airport','379',null),
('1402','Minneapolis Club Parking Ramp - 8th Street and 3rd Avenue','379',null),
('1408','Minneapolis','379',null),
('1400','Brainerd','380',null),
('1401','Mahtomedi','381',null),
('1404','Hallock','382',null),
('1405','Willernie','383',null),
('1407','Grand Forks','384',null),
('1409','Stockman''s Truck Stop','385',null),
('1410','Richfield','386',null),
('1412','May','387',null),
('1414','Edinburgh','388',null),
('1416','Crosslands - 182 Queen Margaret Drive','389',null),
('1417','Glasgow','389',null),
('1419','Rouken Glen Park, Thornliebank','389',null),
('1420','Volanco - 15 Banalder Street','389',null),
('1421','Azad Video, Dumbarton Road','389',null),
('1423','Cafe D''Jaconelli - 570 Maryhill Road, North Kelvinside','389',null),
('1424','Canniesburn Hospital','389',null),
('1426','George Hotel - 235 Buchanan Street','389',null),
('1427','Jordanhill School - 45 Chamberlain Road, Jordanhill','389',null),
('1429','Possilpark','389',null),
('1431','The Firhill Complex - Hopehill Road','389',null),
('1433','W.D. & H.O. Wills Tobacco Factory - 368 Alexandra Parade','389',null),
('1438','Longview Fibre Company - 300 Fibre Way','390',null),
('1439','Anchorage','391',null),
('1443','Astoria','392',null),
('1444','Atlanta','393',null),
('1481','Emory University - 954 Gatewood Road','393',null),
('1446','Beaverton','394',null),
('1448','Needles','395',null),
('1449','Niland','396',null),
('1450','Orick Beach','397',null),
('1451','Palm Springs','398',null),
('1452','Parker','399',null),
('1453','Peach Springs','400',null),
('1454','Reno','401',null),
('1455','Salton City','402',null),
('1456','Salton Sea','403',null),
('1458','Seattle','404',null),
('1459','Slab City','405',null),
('1461','Topock','406',null),
('1462','Winner','407',null),
('1463','Black Hills Wild Horse Sanctuary - 12163 Highland Road','408',null),
('1468','Hot Springs','408',null),
('1466','Fairbanks','409',null),
('1469','Kingman','410',null),
('1471','Page','411',null),
('1472','Portland','412',null),
('1473','Reed College - 3203 SE Woodstock Boulevard','412',null),
('1474','Salvation Mountain','413',null),
('1475','Sisters','414',null),
('1476','Boulder City','415',null),
('1477','Bullhead City','416',null),
('1478','Carthage','417',null),
('1480','El Centro','418',null),
('1482','George Fox University - 414 N. Meridian Street','419',null),
('1487','Los Algodones','420',null),
('1488','Cape Girardeau','421',null),
('1490','119 Themis Street','421',null),
('1493','Common Pleas Courthouse - 44 N. Lorimier Street','421',null),
('1494','Elm Street','421',null),
('1495','Keystone Drive','421',null),
('1496','2901 Hawthorne Road','421',null),
('1497','Albert Rasche Drive','421',null),
('1510','Cadwell Park Racing Circuit','422',null),
('1515','Louth','422',null),
('1511','Easton Neston','423',null),
('1513','Donington Park','424',null),
('1514','Evolution Printing, Stanhope Road','425',null),
('1516','Norfolk','426',null),
('1522','Juneau','427',null),
('1525','Tongas National Forest','427',null),
('1523','Kimberley','428',null),
('1524','Stewart','429',null),
('1526','Marfa','430',null),
('1531','El Camino Motel & Restaurant - 1152 North Grand Avenue','431',null),
('1527','Piedras Negras','432',null),
('1528','Albuquerque','433',null),
('1530','Desert Sands Motel - 5000 Central Avenue SW','433',null),
('1533','Desert Sands Motor Hotel - 5000 Central Ave SE','433',null),
('1752','Albuquerque Studios - 5650 University Boulevard SE','433',null),
('1534','Amman','434',null),
('1537','Kigali','435',null),
('1538','Johannesburg','436',null),
('1540','Beijing','437',null),
('1541','Austin','438',null),
('1544','Amphitheater, Carthage','439',null),
('1545','El Hadj','440',null),
('1546','Monastir','441',null),
('1548','Nîmes','442',null),
('1549','Saint-Gilles','443',null),
('1550','Poulx','444',null),
('1551','Zion National Park','445',null),
('1553','Snow Canyon','446',null),
('1555','Cuernavaca','447',null),
('1556','Durango & Silverton Narrow Gauge Railway','448',null),
('1560','Las Animas River Gorge','448',null),
('1562','San Juan National Forest','448',null),
('1564','Denver & Rio Grande Western Railroad','448',null),
('1557','Silverton','449',null),
('1558','Taos','450',null),
('1559','St. George','452',null),
('1565','Taxco','453',null),
('1568','Lompoc','454',null),
('1569','Thornewood Castle - 8601 N. Thorne Lane SW','455',null),
('1570','Shafter','456',null),
('1574','Honfleur','457',null),
('1579','McCloud River Railroad','458',null),
('1580','Yreka Western Railroad','459',null),
('1581','Brownsville','460',null),
('1583','Veneta','461',null),
('1584','Franklin','462',null),
('1587','Felicity Plantation','463',null),
('1590','Magnolia Plantation - Highway 311','464',null),
('1591','Bocage Plantation','465',null),
('1595','Magnolia Lane Plantation - 2141 River Rd','466',null),
('1597','Haddon Hall','467',null),
('1598','Penshurst Place','468',null),
('1599','Castleton','469',null),
('1600','Hever Castle','470',null),
('1601','Sheffield','471',null),
('1623','Fårö','472',null),
('1624','Zwinger','473',null),
('1626','Dresden','473',null),
('1625','Hainewalde','474',null),
('1627','Osterstein Castle','475',null),
('1628','Waldenburg','476',null),
('1630','Colonia Condesa','477',null),
('1631','Lomas de Chapultepec','477',null),
('1632','Mexico City','477',null),
('1635','Liverpool','478',null),
('1638','Tyre','479',null),
('1639','Anzio','480',null),
('1641','Frosinone','481',null),
('1643','Arcinazzo Romano','481',null),
('1642','Fogliano','482',null),
('1644','Irvine Ranch','483',null),
('1645','Laguna Pueblo','484',null),
('1646','McAlester','485',null),
('1648','Santa Rosa','486',null),
('1649','Sayre','487',null),
('1650','Tehachapi','488',null),
('1654','Gallup','489',null),
('1658','Columbus Theatre Arts Center','490',null),
('1660','University of Rhode Island','491',null),
('1661','Woonsocket','492',null),
('1662','Bristol','493',null),
('1667','Place Lebreton','494',null),
('1669','Bressuire','495',null),
('1670','Franstudio','496',null),
('1671','Niort','497',null),
('1672','Ville d''Avray','498',null),
('1674','Acadia National Park','499',null),
('1675','Medfield State Hospital - 45 Hospital Road','500',null),
('1680','Medfield','500',null),
('1676','Borderland State Park - 259 Massapoag Avenue','501',null),
('1677','Taunton','502',null),
('1678','Whittenton Mills - 437 Whittenton Street','502',null),
('1679','Hull','503',null),
('1681','Nahant','504',null),
('1684','Turner Hill Golf and Racquet Club, Topsfield Road','505',null),
('1685','Wilson Mountain Reservation','506',null),
('1686','Ontario International Airport - 2900 E. Airport Drive','507',null),
('1687','Walnut Hills High School - 3250 Victory Parkway','508',null),
('1755','Cincinnati','508',null),
('1691','Dolgopa','509',null),
('1692','Tallinn','510',null),
('1693','Isfara','511',null),
('1694','Old Town Hall','512',null),
('1718','Staines','512',null),
('1695','Aga Khan Palace, Nagar Rd','513',null),
('1699','Pune','513',null),
('1709','Nagar Rd','513',null),
('1698','Patna','514',null),
('1701','Amritsar','515',null),
('1702','Birla House','516',null),
('1707','India Gate','516',null),
('1710','New Delhi','516',null),
('1704','Calcutta','517',null),
('1711','Porbandar','518',null),
('1717','Red Fort','519',null),
('1719','Udaipur','520',null),
('1720','Turin','521',null),
('1736','Fiumicino','522',null),
('1742','Danbury Railroad Station - 120 White Street','523',null),
('1744','Salta','524',null),
('1746','Puente Morales, RN 68 Km42, Cafayate','524',null),
('1750','Wright-Patterson Air Force Base','525',null),
('1751','Parma','526',null),
('1756','Plum Brook Station','527',null),
('1759','NASA Glenn Center','528',null),
('1760','Wilmington','529',null),
('1764','Raleigh Manhattan Beach Studios - 1600 Rosecrans Avenue','530',null),
('1768','Kualoa Ranch - 49560 Kamehameha Highway, Ka`a`awa','531',null),
('1770','San Pedro de Macoris','532',null),
('1783','Garrett-Jacobs Mansion - 11 W. Mount Vernon Place','533',null),
('1785','344 North Gay Street','533',null),
('1786','The Walters Art Museum','533',null),
('1793','Mount Vernon','533',null),
('1798','Senator Theatre - 5904 York Road','533',null),
('1800','Westport Power Plant','533',null),
('1788','Camden','534',null),
('1799','Upperco','535',null),
('1801','Algiers','536',null),
('1804','Cudahy','537',null),
('1805','Super Store 6 - 37202 90th Street East','538',null),
('1806','Tiki Motel - 7301 Santa Fe Avenue','539',null),
('1811','Huntington Park','539',null),
('1818','14239 Gilmore Street','540',null),
('1823','Falmouth','541',null),
('1839','344 Fremont St','542',null),
('1843','Woodstock','542',null),
('1844','Old Courthouse','542',null),
('1845','Old Jail','542',null),
('1846','Wayne''s City Lanes','542',null),
('1847','Town Square','542',null),
('1850','Opera House','542',null),
('1840','Algonquin','543',null),
('1842','Rockford','544',null),
('1849','Cary','545',null),
('1851','Mount Fuji','546',null),
('1854','Swinley Forest','547',null),
('1855','Uppsala','548',null),
('1856','Europa Studios, Bromma','549',null),
('1857','Filmhusateljéerna, Filmhuset, Svenska Filminstitutet, Gärdet','549',null),
('1858','Seaside','550',null),
('1859','Panama City','551',null),
('1866','Shamrock Meats - 3461 E. Vernon Avenue','552',null),
('1878','Royal Victoria Park','553',null),
('1879','Carton House','554',null),
('1882','Carrick-on-Suir','555',null),
('1883','Castle Hohenzollern','556',null),
('1889','Hechingen','556',null),
('1884','Castle Howard','557',null),
('1885','Coneysthorpe','557',null),
('1886','Corsham Court','558',null),
('1888','Sutherland','559',null),
('1890','Kells','560',null),
('1892','Ludwigsburg Castle','561',null),
('1893','Ludwigsburg','561',null),
('1894','Petworth House','562',null),
('1895','Petworth','562',null),
('1898','Rathgormack','563',null),
('1899','Salisbury','564',null),
('1904','Wilton House, Wilton','564',null),
('1905','Wilton','564',null),
('1901','Stourhead Garden','565',null),
('1903','Warminster','565',null),
('1902','The Guildhall','566',null),
('1906','Chatsworth House','567',null),
('1918','Brooks Ranch','568',null),
('1920','Railtown 1897 State Historical Park','568',null),
('1921','Sierra Railroad','568',null),
('1922','St Joseph''s Catholic Church - 18473 Gardner Avenue','569',null),
('1923','Warnerville','570',null),
('1924','Wilson House, Main Street, Columbia State Historic Park - 22708 Broadway','571',null),
('1926','Halton House, Halton','572',null),
('1929','Elland Road Stadium','573',null),
('1930','Grattan Stadium, Odsal','574',null),
('1932','Queen Street Mill Textile Museum','575',null),
('1936','Ely Cathedral','576',null),
('1937','Englefield House, Theale','577',null),
('1941','Sherborne School','578',null),
('1942','Bicester Aerodrome','579',null),
('1944','Chesham','580',null),
('1945','Joyce Grove','581',null),
('1946','Chanteloup-les-Vignes','582',null),
('1952','Kingstown','583',null),
('1957','Red Basket - 151 College Highway','584',null),
('1958','Smith College - 7 College Lane','585',null),
('1959','Jackson','586',null),
('1960','Greenwood','587',null),
('1961','Clarksdale','588',null),
('1981','Conyers','589',null),
('1982','Monroe','590',null),
('1983','Porterdale','591',null),
('1984','Moundsville','592',null),
('1988','Ovindoli','593',null),
('1989','Rocca di Mezzo','593',null),
('1994','Plovdiv','594',null),
('1995','Belgrade','595',null),
('1997','Sofia','596',null),
('2000','Vaudreuil-Dorion','597',null),
('2001','Higuerote','598',null),
('2002','St Laurent du Maroni','599',null),
('2012','Sakata','600',null),
('2014','United Methodist Church - 3205 D Street','601',null),
('2016','La Verne','601',null),
('2018','Theta Delta Chi - 2647 Durant Avenue','602',null),
('2019','Telegraph Avenue','602',null),
('2025','Bhuj','603',null),
('2026','Bay Meadows Racetrack - 2600 S. Delaware Street','604',null),
('2028','San Mateo','604',null),
('2027','San Mateo County','605',null),
('2039','Rue des Sources','606',null),
('2043','Genève','606',null),
('17','Mitchell Field, Garden City, Long Island',null,'8'),
('26','Sands Point, Long Island',null,'8'),
('37','Sicily',null,'3'),
('43','Long Beach, Long Island',null,'8'),
('44','Long Island',null,'8'),
('55','Kaiser Estate, Lake Tahoe',null,'8'),
('63','Lake Tahoe',null,'8'),
('101','Cardington Airship Hangars',null,'1'),
('122','A & R Auto Dismantlers - 12143 Branford Street, Sun Valley',null,'8'),
('136','Andalucía',null,'4'),
('149','Tongariro National Park',null,'15'),
('153','Milford Sound',null,'15'),
('170','Kaitoke Regional Park',null,'15'),
('171','Port Waikato',null,'15'),
('172','Rangipo Desert, Waiouru',null,'15'),
('177','Rangitikei River',null,'15'),
('178','Mavora Lakes',null,'15'),
('181','Alcatraz Island, San Francisco Bay',null,'8'),
('190','Monument Valley',null,'8'),
('193','Fripp Island',null,'8'),
('194','Grandfather Mountain, Linville',null,'8'),
('197','Valley of the Gods, Mexican Hat',null,'8'),
('199','Twin Arrows',null,'8'),
('200','Blackfeet Indian Reservation',null,'8'),
('205','Glacier National Park',null,'8'),
('215','Fortress Mountain, Kananaskis Country',null,'18'),
('218','Alberta',null,'18'),
('220','Bedfordshire',null,'1'),
('221','Farnborough Airfield',null,'1'),
('222','Kananaskis Village, Kananaskis Country',null,'18'),
('225','California',null,'8'),
('240','Depoe Bay',null,'8'),
('241','Fort Bragg',null,'8'),
('243','Oregon',null,'8'),
('244','Mount Tasman',null,'15'),
('245','Mount Ruapehu',null,'15'),
('246','New Rochelle',null,'8'),
('247','Fort Lee',null,'8'),
('255','Palisades Interstate Parkway',null,'8'),
('261','Atlantic Beach, Long Island',null,'8'),
('265','Catalina Beach Club - 2041 Park Street, Atlantic Beach, Long Island',null,'8'),
('273','Hudson River',null,'8'),
('276','Lawrence, Long Island',null,'8'),
('277','Long Island Railroad, Richmond Hill',null,'8'),
('281','New Jersey',null,'8'),
('282','Oyster Bay, Long Island',null,'8'),
('289','Valley Stream, Long Island',null,'8'),
('300','Pittwater',null,'20'),
('318','Tikal National Park',null,'22'),
('320','Death Valley National Park',null,'8'),
('324','Mojave',null,'8'),
('333','Clay County',null,'8'),
('357','New York',null,'8'),
('382','West New York',null,'8'),
('384','Arizona',null,'8'),
('386','Utah',null,'8'),
('396','Altadena',null,'8'),
('400','County Wexford',null,'26'),
('404','Calvados',null,'7'),
('429','Kaua''i',null,'8'),
('445','Gorman',null,'8'),
('450','Route 99 of the Fresno-Bakersfield Highway',null,'8'),
('479','Arcadia',null,'8'),
('483','El Mirage Dry Lake',null,'8'),
('484','Los Angeles County Arboretum & Botanic Garden - 301 N. Baldwin Avenue, Arcadia',null,'8'),
('490','Blue Ridge Parkway, Blue Ridge Mountains',null,'8'),
('493','Caney Fork River, Buffalo Valley',null,'8'),
('494','College Grove',null,'8'),
('498','Blue Ridge Mountains',null,'8'),
('502','North Carolina',null,'8'),
('541','White Plains',null,'8'),
('542','Massachusetts',null,'8'),
('546','Alabama Hills, Lone Pine',null,'8'),
('549','Chavon River',null,'11'),
('553','Laguna',null,'27'),
('554','Metro Manila',null,'27'),
('556','Napa Valley',null,'8'),
('588','Banff National Park',null,'18'),
('589','Rocky Mountains',null,'8'),
('591','Okaloosa County',null,'8'),
('593','Northwest Territories',null,'18'),
('594','Durango-Silverton Railway Line',null,'8'),
('604','Mount Wilson',null,'8'),
('621','Malibu Lake',null,'8'),
('625','Reuss Ranch, Malibu Lake',null,'8'),
('640','Timberline Lodge, Mount Hood',null,'8'),
('641','Going-to-the-Sun Road, Glacier National Park',null,'8'),
('642','Saint Mary Lake, Glacier National Park',null,'8'),
('643','Colorado',null,'8'),
('644','Yosemite National Park',null,'8'),
('645','Evergreen Plantation, 4677 Highway 18, Edgard',null,'8'),
('648','Lone Pine',null,'8'),
('652','Independence',null,'8'),
('653','Louisiana',null,'8'),
('654','Simi Valley',null,'8'),
('657','Cairngorms National Park',null,'6'),
('661','Inverness Airport',null,'6'),
('665','Stansted Airport',null,'1'),
('669','Greenwood Lake',null,'8'),
('693','Oheka Castle - 135 West Gate Drive, Huntington, Long Island',null,'8'),
('696','Garces Highway 1/10th mile East from Corcoran Road and Kern National Wildlife Preserve, Kern County',null,'8'),
('706','Glen Cove, Long Island',null,'8'),
('707','Old Westbury Gardens - 71 Old Westbury Road, Old Westbury, Long Island',null,'8'),
('716','Big Basin Redwoods State Park - 21600 Big Basin Way, Boulder Creek',null,'8'),
('720','Cypress Point, Pebble Beach',null,'8'),
('734','Big Basin',null,'8'),
('735','Mount Lyford',null,'15'),
('743','Buttercup Valley',null,'8'),
('744','Marin County',null,'8'),
('746','Smith River',null,'8'),
('771','Vinegar Hill',null,'8'),
('781','Fort William',null,'6'),
('782','Aonach Eagach',null,'6'),
('783','Glen Nevis',null,'6'),
('784','Glen Coe',null,'6'),
('787','Coronation Plantation',null,'26'),
('788','Dunsoghly Castle',null,'26'),
('790','Bective Abbey',null,'26'),
('792','Sally''s Gap',null,'26'),
('793','Ballymore Eustace',null,'26'),
('794','Curragh Plains',null,'26'),
('795','Dunsany Castle',null,'26'),
('796','Luggala Estate',null,'26'),
('798','The Curragh',null,'26'),
('822','Hertfordshire',null,'1'),
('834','Palos Verdes Peninsula',null,'8'),
('845','Imperial Sand Dunes Recreation Area, Glamis',null,'8'),
('848','Playa del Algorocibo',null,'4'),
('849','Chobham Common',null,'1'),
('852','Wadi Rum',null,'5'),
('855','Jebel Tubeiq',null,'5'),
('869','Montauk, Long Island',null,'8'),
('870','123 Valentine Lane, Yonkers',null,'8'),
('872','208 Saratoga Avenue, Yonkers',null,'8'),
('874','Mt. Vernon',null,'8'),
('876','Yonkers',null,'8'),
('878','Norfolk Broads',null,'1'),
('879','Parris Island',null,'8'),
('883','Epping Forest',null,'1'),
('904','Château de Guermantes',null,'7'),
('919','Meeting of the Three Waters',null,'6'),
('921','Arnhall Castle',null,'6'),
('922','River Cae',null,'6'),
('925','Highland',null,'6'),
('934','Isle of Harris',null,'6'),
('936','South Harris',null,'6'),
('977','Elbe Sandstone Mountains',null,'2'),
('982','Namib Desert',null,'33'),
('989','Kernville',null,'8'),
('990','Mojave Desert',null,'8'),
('1007','Administration Building, Treasure Island, San Francisco Bay',null,'8'),
('1012','Tilbury Docks',null,'1'),
('1027','Skaftafell',null,'36'),
('1028','Svínafellsjökull',null,'36'),
('1037','Vatnajökull',null,'36'),
('1038','Öræfasveit',null,'36'),
('1046','728 Ocean Drive, Miami Beach',null,'8'),
('1052','South Beach, Miami Beach',null,'8'),
('1056','Montecito',null,'8'),
('1057','Swimming Pool, Fontainebleau Hilton Resort - 4441 Collins Avenue, Miami Beach',null,'8'),
('1071','Indira Gandhi International Airport, Vasant Vihar',null,'28'),
('1082','Channel Islands',null,'8'),
('1085','Avalon Casino - 1 Casino Way, Avalon, Santa Catalina Island, Channel Islands',null,'8'),
('1087','Crescent Bay',null,'8'),
('1100','El Rancho Escondido, 1 El Rancho Escondido Road, Avalon, Santa Catalina Island, Channel Islands',null,'8'),
('1115','Bavaria',null,'2'),
('1134','Massachusetts Turnpike',null,'8'),
('1175','Kelani River',null,'39'),
('1180','Central Province',null,'39'),
('1193','Sierra Nevada Mountains',null,'8'),
('1210','Gotlands län',null,'40'),
('1211','Vättern',null,'40'),
('1214','Estación Retiro',null,'41'),
('1216','Estadio Tomás Adolfo Ducó',null,'41'),
('1220','McKenzie River',null,'8'),
('1257','Baker, Mojave Desert',null,'8'),
('1260','Idle Spurs, Sandy Valley',null,'8'),
('1279','Ardsley',null,'8'),
('1283','Mamaroneck',null,'8'),
('1284','Harrison',null,'8'),
('1285','Chestnut Hill Drive, Oyster Bay',null,'8'),
('1290','Bayville',null,'8'),
('1299','Grosse Pointe Park',null,'8'),
('1303','Center Line',null,'8'),
('1325','Big Sur',null,'8'),
('1326','Point Lobos, Point Lobos State Reserve',null,'8'),
('1340','San Joaquin River at Stockton',null,'8'),
('1341','San Joaquin-Sacramento River Delta',null,'8'),
('1343','San Joaquin Valley',null,'8'),
('1347','Mingo Junction',null,'8'),
('1348','River Kwai',null,'42'),
('1350','Heather Meadows, Mount Baker',null,'8'),
('1351','Katchanburi',null,'42'),
('1353','Nooksack Falls, Mount Baker',null,'8'),
('1359','Lake Chelan',null,'8'),
('1361','Mount Baker',null,'8'),
('1365','West Virginia',null,'8'),
('1367','Ohio',null,'8'),
('1368','Pennsylvania',null,'8'),
('1370','Commercial Street, Mingo Junction',null,'8'),
('1375','Georgia',null,'8'),
('1377','Big Bear Lake, Big Bear Valley, San Bernardino National Forest',null,'8'),
('1383','Northern California',null,'8'),
('1386','Agoura',null,'8'),
('1387','Big Bear Valley, San Bernardino National Forest',null,'8'),
('1389','San Bernardino National Forest',null,'8'),
('1411','Minnesota',null,'8'),
('1415','Corrour Station',null,'6'),
('1437','Santa Anita Ave, Arcadia',null,'8'),
('1440','Healy',null,'8'),
('1441','Anza-Borrego Desert State Park - 200 Palm Canyon Drive, Borrego Springs',null,'8'),
('1442','El Golfo de Santa Clara',null,'25'),
('1445','Denali National Park',null,'8'),
('1447','Cantwell',null,'8'),
('1457','Santa Catalina Island, Channel Islands',null,'8'),
('1460','South Dakota',null,'8'),
('1464','Cape Disappointment',null,'8'),
('1465','Copper River',null,'8'),
('1467','Hoover Dam',null,'8'),
('1470','Mount Hood',null,'8'),
('1479','Cheyenne Studios - 27567 Fantastic Lane, Castaic',null,'8'),
('1483','Grand Canyon National Park',null,'8'),
('1484','Lake Mead',null,'8'),
('1485','Laughlin',null,'8'),
('1486','Lee''s Ferry',null,'8'),
('1489','Giant City State Park',null,'8'),
('1500','Missouri',null,'8'),
('1502','Blue Bell',null,'8'),
('1506','Bryn Mawr',null,'8'),
('1507','Nürburgring',null,'2'),
('1508','Blackbush Airport',null,'1'),
('1509','Brands Hatch racing track',null,'1'),
('1512','Cadwell Park',null,'1'),
('1517','North Rhine-Westphalia',null,'2'),
('1529','Big Bend National Park',null,'8'),
('1547','Bouches-du-Rhône',null,'7'),
('1554','Trimble Bridge, Animas River',null,'8'),
('1566','Lake Sherwood',null,'8'),
('1571','Texas',null,'8'),
('1578','Burney',null,'8'),
('1588','St. Joseph Plantation',null,'8'),
('1594','Destrehan',null,'8'),
('1596','Cliffs of Moher',null,'26'),
('1602','Burnham Beeches',null,'1'),
('1615','South Shore, Long Island',null,'8'),
('1616','The Hamptons, Long Island',null,'8'),
('1629','Sächsische Schweiz',null,'2'),
('1647','Petrified Forest National Park',null,'8'),
('1653','Daggett',null,'8'),
('1655','Lamont',null,'8'),
('1659','Rhode Island',null,'8'),
('1668','Rue de Dion',null,'7'),
('1696','Bihar',null,'28'),
('1697','Maharashtra',null,'28'),
('1700','West Bengal',null,'28'),
('1705','Gujarat',null,'28'),
('1706','Hyderabad House',null,'28'),
('1713','Punjab',null,'28'),
('1714','Rajasthan',null,'28'),
('1715','Rajpath',null,'28'),
('1716','Rashtrapati Bhavan',null,'28'),
('1729','Angeles National Forest',null,'8'),
('1745','Jujuy',null,'41'),
('1754','New Mexico',null,'8'),
('1763','Grumman Aerospace Factory, Bethpage, Long Island',null,'8'),
('1765','Inyokern',null,'8'),
('1766','Tehachapi Pass, Mojave Desert',null,'8'),
('1767','Blue Hole, Kaua''i',null,'8'),
('1769','Manawaiopuna Falls, Hanapepe Valley, Kaua''i',null,'8'),
('1772','Olokele Valley, Kaua''i',null,'8'),
('1773','Red Rock Canyon State Park - Highway 14, Cantil',null,'8'),
('1774','Lawai, Kaua''i',null,'8'),
('1775','Jurassic Kahili Ranch, Kilauea, Kaua''i',null,'8'),
('1787','Baltimore-Washington International Airport',null,'8'),
('1822','Dangerous Reef',null,'20'),
('1824','Water Street, Edgartown, Martha''s Vineyard',null,'8'),
('1825','Martha''s Vineyard',null,'8'),
('1826','Oak Bluffs, Martha''s Vineyard',null,'8'),
('1827','Coast',null,'20'),
('1828','East Chop, Martha''s Vineyard',null,'8'),
('1829','Joseph Sylva State Beach, Martha''s Vineyard',null,'8'),
('1830','Main Street, Edgartown, Martha''s Vineyard',null,'8'),
('1831','Southern Ocean',null,'20'),
('1832','Underwater, Santa Catalina Island, Channel Islands',null,'8'),
('1833','Sengekontacket Pond, Martha''s Vineyard',null,'8'),
('1834','Aquinnah, Martha''s Vineyard',null,'8'),
('1835','Menemsha, Martha''s Vineyard',null,'8'),
('1836','American Legion Memorial Bridge, Martha''s Vineyard',null,'8'),
('1837','Edgartown, Martha''s Vineyard',null,'8'),
('1841','Illinois',null,'8'),
('1852','Freshwater West',null,'30'),
('1860','Florida',null,'8'),
('1880','Baden-Württemberg',null,'2'),
('1881','Cahir Castle',null,'26'),
('1891','Longleat House',null,'1'),
('1897','Powerscourt',null,'26'),
('1907','County Dublin',null,'26'),
('1908','County Kilkenny',null,'26'),
('1909','County Meath',null,'26'),
('1910','County Tipperary',null,'26'),
('1911','County Waterford',null,'26'),
('1912','North Yorkshire',null,'1'),
('1913','West Sussex',null,'1'),
('1914','Wiltshire',null,'1'),
('1935','Wendover Woods',null,'1'),
('1948','Santa Anita Park & Racetrack - 285 West Huntington Drive, Arcadia',null,'8'),
('1949','Samana',null,'11'),
('1950','Bequia',null,'48'),
('1951','Wallilabou Bay',null,'48'),
('1987','Jusanji Pond',null,'29'),
('1999','Walt Disney Feature Animation Florida, Walt Disney World, Lake Buena Vista',null,'8'),
('2003','Maui',null,'8'),
('2017','San Francisco-Oakland Bay Bridge, San Francisco Bay',null,'8'),
('2040','Chemin Byron',null,'52'),
('2041','Veyrier',null,'52'),
('2042','Carouge',null,'52');


INSERT INTO Filming(idLocation, idMovie, descriptionScene) VALUES
('1','1','(The prison that is used in the large panning scene, and used for the wardens office.)'),
('2','1','(rural town of "Buxton" where "Red" journeys to, shot of bus leaving with "Red" near end of film)'),
('3','1',null),
('4','1','(End Beach Scene)'),
('5','1','(Mill and Courtroom)'),
('6','1',null),
('7','1',null),
('8','1','(cabin at beginning, tree and rock wall)'),
('9','1','(Bank and bus station)'),
('10','1','(Road to Buxton)'),
('11','1','(Brewer Hotel)'),
('12','2','(as Corleone village)'),
('13','2','(Corleone mansion)'),
('14','2','(bar sequence) (Michael and Apollonia''s wedding church)'),
('15','2',null),
('16','2','(christening scene)'),
('17','2','(Tollbooth scene)'),
('18','2','(Woltz''s mansion)'),
('19','2','(Don Tommasino''s villa, car blown up)'),
('20','2','(Italian restaurant)'),
('21','2','(Kay Adams'' school.)'),
('22','2','(Best & Co. Store)'),
('23','2',null),
('24','2',null),
('25','2','(Genco Olive Oil Co)'),
('26','2',null),
('27','2',null),
('28','2',null),
('29','2',null),
('30','2',null),
('31','2','(Vito hospital scenes)'),
('32','2','(exteriors: church where the christening takes place)'),
('33','2','(wedding celebrations)'),
('34','2',null),
('35','2',null),
('36','2',null),
('37','2',null),
('38','2',null),
('39','2','(studio)'),
('40','2',null),
('41','2',null),
('42','2',null),
('43','2',null),
('44','2',null),
('45','2',null),
('46','2',null),
('47','2',null),
('48','2',null),
('49','2',null),
('50','2',null),
('51','2',null),
('52','2',null),
('53','2',null),
('54','2',null),
('55','3','(Corleone Compound)'),
('56','3',null),
('57','3',null),
('12','3',null),
('58','3',null),
('37','3',null),
('59','3','(Hyman Roth residence.)'),
('60','3',null),
('61','3',null),
('62','3',null),
('63','3',null),
('46','3',null),
('47','3',null),
('64','3',null),
('65','3',null),
('66','3','(fishmarket used as Ellis Island immigrant station)'),
('67','3',null),
('42','3',null),
('45','3',null),
('68','4',null),
('69','4',null),
('70','4',null),
('45','4',null),
('71','4',null),
('72','4',null),
('73','4',null),
('74','4',null),
('75','4','(skyscraper under construction in finale)'),
('76','4',null),
('77','4',null),
('78','4',null),
('79','4','(studio)'),
('80','4','(the Joker''s semi-truck flip)'),
('81','4',null),
('82','4',null),
('83','4','(Gotham Hospital exteriors)'),
('84','4',null),
('85','4',null),
('86','4',null),
('87','4','(Police HQ)'),
('88','4',null),
('89','4','(interiors)'),
('90','4',null),
('91','4',null),
('92','4','(car chase scene)'),
('93','4','(Fox''s meeting with Lau)'),
('94','4',null),
('95','4','(bank heist)'),
('96','4',null),
('97','4',null),
('98','4',null),
('99','4',null),
('100','4',null),
('101','4','(studio)'),
('102','4',null),
('103','5',null),
('104','5',null),
('105','5',null),
('106','5','(filmed in) (as Krakow, Poland)'),
('107','5',null),
('108','5',null),
('109','5',null),
('48','6',null),
('110','6','(studio)'),
('111','7','(Jack Rabbit Slims,exterior)'),
('112','7','(Hawthorne Grill coffee shop, demolished)'),
('113','7','(Zed''s Pawn Shop)'),
('45','7',null),
('114','7','(demolished)'),
('115','7','(Lance''s house)'),
('116','7','(Butch runs down MArcellus Wallace with his car)'),
('117','7','(Jules and Vincent assasinate the young men and get back the briefcase, demolished)'),
('118','7',null),
('119','7',null),
('120','7',null),
('121','7',null),
('122','7','(Monster Joe''s junkyard)'),
('123','7',null),
('124','7','(Butch parks his car)'),
('125','7','(Butch''s apartment)'),
('126','7',null),
('127','7',null),
('128','8','(monastery/long desert walk scene)'),
('129','8','(cemetery finale)'),
('130','8','(battle at Langstone Bridge)'),
('131','8',null),
('132','8','(railroad station)'),
('133','8','(night scene in Santa Anna / streets of Santa Fe)'),
('134','8','(civil war battle)'),
('135','8','(town scenes)'),
('136','8',null),
('137','8','(shelled town of Peralta)'),
('138','8','(studio)'),
('139','8','(civil war battle)'),
('140','8','(military hospital)'),
('141','8','(monastery)'),
('142','8',null),
('143','8',null),
('144','9','(Hobbiton)'),
('145','9','(Edoras)'),
('146','9','(studio)'),
('147','9','(Lothlórien)'),
('148','9',null),
('149','9','(Emyn Muil)'),
('150','9','(The Pelennor Fields)'),
('151','9','(Amon Hen)'),
('152','9',null),
('153','9',null),
('154','10','(Tyler''s House)'),
('155','10','("Lou''s Tavern", Shipwreck Joe''s - now demolished)'),
('156','10',null),
('157','10',null),
('158','10','(studio)'),
('159','10','(exterior in distance)'),
('160','10','(Hotel Bristol - Marla''s digs)'),
('161','10','(Marla''s philosophy of life scene)'),
('162','10','(Tire Shop - pick a fight scene)'),
('163','10','(Marla gets on the bus scene)'),
('164','10','(LAX Terminal 2 - vibrating suitcase scene)'),
('165','10','(studio)'),
('166','10',null),
('167','10',null),
('168','10','(studio)'),
('169','10','(condo)'),
('144','11','(Hobbiton)'),
('148','11','(Ford of Bruinen) (River Anduin) (Amon Hen)'),
('152','11','(Bree)'),
('170','11','(Rivendell) (River Anduin)'),
('171','11','(Weathertop)'),
('147','11','(Lothlorien)'),
('172','11',null),
('173','11','(Ford of Bruinen)'),
('149','11',null),
('174','11','(Edoras)'),
('175','11','(Amon Hen)'),
('153','11',null),
('176','11','(River Anduin)'),
('177','11','(River Anduin)'),
('178','11','(Amon Hen)'),
('150','11',null),
('151','11','(Lothlorien) (Amon Hen)'),
('179','11','(Ford of Bruinen)'),
('146','11','(studio)'),
('180','12',null),
('181','12','(sound recordings)'),
('182','12','(exterior scenes)'),
('183','12','(exterior scenes)'),
('184','12','(exterior scenes)'),
('185','12','(studio)'),
('186','12','(studio)'),
('187','13',null),
('188','13','(bus stop bench)'),
('189','13',null),
('190','13',null),
('191','13',null),
('192','13',null),
('193','13',null),
('194','13',null),
('195','13',null),
('196','13',null),
('197','13',null),
('198','13',null),
('199','13','(smiley face scene)'),
('200','13','(second unit)'),
('201','13',null),
('202','13',null),
('203','13',null),
('204','13',null),
('205','13','(mountain lake)'),
('206','13',null),
('207','13','(college scenes)'),
('208','13',null),
('209','13','(studio)'),
('210','13',null),
('211','13',null),
('212','13','(Jenny''s dormitory)'),
('213','13','(disco and strip club scenes)'),
('214','14','(as Mombasa, Kenya)'),
('215','14',null),
('216','14',null),
('217','14',null),
('218','14',null),
('219','14',null),
('220','14',null),
('221','14',null),
('45','14',null),
('77','14',null),
('222','14',null),
('223','14',null),
('224','14','(as Café Debussy)'),
('225','14',null),
('101','14','(studio)'),
('226','14','(van falling from bridge)'),
('227','14',null),
('228','14',null),
('229','14',null),
('230','14',null),
('231','14',null),
('232','14',null),
('233','14',null),
('234','14',null),
('235','14','(studio)'),
('236','14',null),
('237','14',null),
('238','14',null),
('239','15',null),
('240','15','(fishing harbor)'),
('241','15','(Fishing scene)'),
('242','15',null),
('243','15',null),
('144','16',null),
('244','16','(Opening Snow-capped Mountain Shots)'),
('146','16','(studio)'),
('245','16',null),
('148','16',null),
('153','16',null),
('150','16',null),
('152','16',null),
('246','17',null),
('247','17',null),
('248','17',null),
('85','17',null),
('249','17',null),
('250','17',null),
('251','17',null),
('28','17',null),
('252','17','(Henry and Karen''s wedding reception)'),
('253','17',null),
('254','17','(kitchen scene: tracking shot)'),
('255','17',null),
('256','17',null),
('257','17',null),
('258','17','(young Henry Hill''s house)'),
('259','17',null),
('260','17','(Henry Hill''s house)'),
('261','17','(scenes when they''re on vacation)'),
('262','17','(two bodies found in the pink cadillac)'),
('263','17',null),
('264','17',null),
('265','17','(upmarket beach club)'),
('266','17',null),
('267','17',null),
('268','17',null),
('269','17',null),
('270','17',null),
('271','17',null),
('272','17','(Bamboo Lounge - funny guy scene)'),
('273','17',null),
('274','17','(airport "Air Line" diner)'),
('275','17','(studio)'),
('276','17','(Karen''s parent''s house)'),
('277','17','(two bodies found in pink cadillac)'),
('44','17',null),
('278','17',null),
('46','17',null),
('279','17','(closing scene - Henry goes outside to get the paper)'),
('280','17',null),
('281','17',null),
('47','17',null),
('48','17',null),
('282','17',null),
('49','17',null),
('283','17','(Jimmy Conway meeting)'),
('284','17','(shopping mall: paranoid Henry Hill makes phone call about being tailed by a helicopter)'),
('285','17',null),
('286','17','(Henry and Karen on date)'),
('287','17','(Jimmy Conway meeting)'),
('288','17',null),
('289','17',null),
('290','17',null),
('291','17','(cargo buildings: Idlewild Airport)'),
('292','18','(exterior scenes: skyline in opening Trinity rooftop chase)'),
('293','18',null),
('294','18','(Subway Scenes)'),
('295','18','(exterior scenes: skyline in opening Trinity rooftop chase)'),
('296','18','(deja-vu staircase)'),
('297','18','(government building rooftop)'),
('298','18','(government building)'),
('299','18','(studio)'),
('300','18',null),
('301','18','(subway station)'),
('302','18','(building scene)'),
('303','18','(studio)'),
('304','18','(helicopter crash)'),
('305','18',null),
('306','18','(Neo''s phone call to the machines at the end)'),
('307','18','(Cypher/Agent Smith meeting)'),
('308','18','(Trinity phone booth escape)'),
('309','18','(agent training program)'),
('310','18','(Major Chase Scenes)'),
('311','18',null),
('312','18',null),
('313','18','(helicopter crash rescue)'),
('314','19','(Mos Eisley, Tatooine)'),
('315','19','(Lars family homestead, Tatooine)'),
('316','19','(Tatooine)'),
('317','19','(Lars family homestead, Tatooine)'),
('318','19','(Fourth moon of Yavin)'),
('185','19','(studio)'),
('7','19','(special edition)'),
('319','19','(studio)'),
('320','19','(Tatooine)'),
('321','20',null),
('322','21',null),
('323','22','(Police Headquarters)'),
('324','22',null),
('325','22','(exterior, ''Sloth'' apartment)'),
('237','22',null),
('326','22','(hall of police department)'),
('225','22',null),
('327','22','(John Doe''s apartment building)'),
('213','22',null),
('328','22','(studio)'),
('329','22','(library)'),
('45','22',null),
('330','22',null),
('331','23',null),
('332','23','(Baltimore State Forensic Hospital exterior shots) (demolished in 2012)'),
('333','23',null),
('334','23','(bridge into Belvedere, Ohio)'),
('335','23',null),
('336','23',null),
('337','23','(Bimmel house in Belvedere, Ohio)'),
('338','23','(wrong house in Calumet City)'),
('339','23','(morgue/embalming room/funeral home interiors)'),
('340','23','(stock footage)'),
('341','23',null),
('342','23','(Jame Gumb''s home)'),
('343','23',null),
('344','23','(Moxley''s Drugs exterior)'),
('345','23',null),
('346','23',null),
('347','23','(Gumb House in Belvedere, Ohio)'),
('348','23','(Grieg Funeral Home exterior)'),
('349','23','(as Baltimore State Forensic Hospital: interiors)'),
('350','23','(Shelby County Courthouse)'),
('167','24',null),
('351','24',null),
('352','24','(New York police station)'),
('353','24','(San Pedro police station)'),
('354','24',null),
('355','24','(law offices)'),
('232','24','(The cave where the group buries Benicio Del Toro''s character.)'),
('356','24','(pool room)'),
('45','24',null),
('357','24',null),
('358','24','(New York''s Finest Taxi Service Scenes)'),
('47','24',null),
('225','24',null),
('359','25','(set: Bedford Falls town)'),
('360','25','(Charleston dance contest -Gym floor with swimming pool)'),
('361','25','(exterior of Martini''s house)'),
('362','25','(studio)'),
('118','25',null),
('45','25',null),
('225','25',null),
('363','26',null),
('364','26',null),
('365','26','(Railroad scene)'),
('366','26',null),
('367','26',null),
('368','26',null),
('369','27','(exteriors: Mathilda''s hotel)'),
('370','27',null),
('227','27','(Leon''s apartment interiors)'),
('371','27',null),
('372','27',null),
('373','27',null),
('374','27','(Tony''s restaurant in Little Italy)'),
('375','27',null),
('376','27',null),
('377','27',null),
('378','27','(interiors: Mathilda''s hotel corridor and stairwell)'),
('379','27',null),
('380','27',null),
('46','27',null),
('381','27',null),
('382','27',null),
('47','27',null),
('190','28',null),
('383','28',null),
('133','28',null),
('384','28',null),
('132','28',null),
('385','28',null),
('386','28',null),
('387','28','(studio)'),
('388','29',null),
('389','29',null),
('390','29','(Ha Ling)'),
('391','29',null),
('392','29',null),
('393','29',null),
('394','29','(exterior scenes)'),
('395','29','(studio)'),
('396','29',null),
('397','29',null),
('328','29','(studio)'),
('45','29',null),
('398','29',null),
('399','29',null),
('400','30','(Omaha Beach)'),
('401','30','(Omaha Beach)'),
('402','30','(Ramelle)'),
('403','30','(Storming the machine nest, all the shots of large fields and the half-track ambush)'),
('404','30',null),
('405','30',null),
('76','30',null),
('406','31',null),
('407','31',null),
('45','31',null),
('408','31','(Vinyard Residence)'),
('409','31','(Archie''s Market)'),
('410','33','(Strasser''s arrival)'),
('201','33',null),
('411','33','(Hotel scene)'),
('412','33',null),
('413','33',null),
('414','33','(airport runway)'),
('7','33',null),
('415','33',null),
('416','33',null),
('417','33',null),
('418','33',null),
('419','33',null),
('420','33',null),
('421','33',null),
('422','33',null),
('423','33',null),
('424','33',null),
('425','33',null),
('426','34',null),
('295','34',null),
('427','34',null),
('316','35','(city of Cairo)'),
('428','35','(Barnett College)'),
('429','35',null),
('430','35',null),
('431','35','(WW2 German submarine base)'),
('432','35',null),
('295','35','(as Washington DC)'),
('433','35','(Indiana Jones'' house exterior)'),
('434','35',null),
('435','35',null),
('436','35',null),
('437','35',null),
('438','35',null),
('439','35','(studio)'),
('440','35',null),
('441','35',null),
('442','36',null),
('443','36','(establishing shot: cheap hotel room)'),
('238','36','(swamp where Marion Crane''s car is sunk)'),
('444','36','(automobile dealership exterior scene)'),
('445','36','(establishing shot of Marion''s car parked by the side of road)'),
('446','36','(opening panoramic shot)'),
('447','36',null),
('448','36',null),
('449','36',null),
('450','36','(Marion Crane''s drive to the Bates Motel)'),
('451','36','(Opening sequence)'),
('452','36','(Opening sequence)'),
('209','37',null),
('45','37',null),
('453','37','(Exterior court yard apartment complex)'),
('454','38',null),
('455','38','(Paragliding Scene)'),
('227','38',null),
('456','39','(Ending-The Road)'),
('457','39',null),
('458','39','(Department Store)'),
('354','39','(Harbor scenes)'),
('459','39','(Street corner after escape from patrol wagon)'),
('460','39','(Dream House sequence)'),
('461','39','(Harbor scenes)'),
('457','40',null),
('47','40',null),
('45','40',null),
('462','41','(Cyberdyne, Exterior)'),
('463','41','(Truck Jump Scene)'),
('464','41',null),
('465','41',null),
('466','41',null),
('467','41',null),
('468','41','(The Corral Biker Bar)'),
('469','41',null),
('470','41','(Nuclear Nightmare Scenes)'),
('471','41','(Steel Mill Scene)'),
('472','41','(Pescadero State Hospital/Parking Lot/Biker Bar Scenes)'),
('473','41',null),
('474','41',null),
('475','41','(Mall Exteriors)'),
('476','41',null),
('477','41','(Interiors: Confrontation Between the Two Terminators)'),
('478','41','(Helicopter/Tanker Chase)'),
('479','41',null),
('457','41',null),
('480','41','(Motorcycle Chase)'),
('481','41','(T-1000 arrival)'),
('482','41',null),
('483','41',null),
('484','41',null),
('45','41',null),
('233','41','(Dyson Home)'),
('485','41','(ATM Scene)'),
('486','41',null),
('487','41',null),
('488','41',null),
('489','42',null),
('490','42',null),
('491','42',null),
('492','42','(exteriors: Georgia Pines nursing home)'),
('493','42',null),
('494','42',null),
('495','42',null),
('496','42','(Georgia Pines nursing home)'),
('497','42',null),
('498','42',null),
('292','42',null),
('499','42',null),
('328','42','(studio)'),
('500','42','(studio)'),
('501','42','(Georgia Pines nursing home)'),
('502','42',null),
('503','43',null),
('504','43','(Umschlagplatz scenes)'),
('505','43',null),
('506','43',null),
('507','43',null),
('508','43',null),
('509','43',null),
('510','43',null),
('511','43',null),
('512','43',null),
('513','43',null),
('514','43',null),
('515','43',null),
('516','43',null),
('517','43',null),
('518','43',null),
('519','43',null),
('520','44',null),
('521','44','(as Grinders restaurant)'),
('522','44',null),
('523','44',null),
('524','44','(as Discount Inn)'),
('525','44','(Mountcrest Inn)'),
('396','44',null),
('526','44',null),
('527','44',null),
('528','45',null),
('529','45',null),
('530','45',null),
('531','45',null),
('532','45',null),
('533','45',null),
('534','45',null),
('535','45','(rooftop scenes)'),
('536','45','(warehouse shoot out scene)'),
('537','45',null),
('538','45',null),
('539','45',null),
('47','45',null),
('540','45',null),
('541','45',null),
('35','45',null),
('264','45',null),
('357','45',null),
('542','45',null),
('543','46','(Opening battle scenes)'),
('544','46','(studio)'),
('545','46',null),
('546','46','(Maximus'' Spanish estate)'),
('547','46',null),
('319','46','(studio)'),
('548','47','(beach with soldiers surfing)'),
('549','47',null),
('550','47','(medevac)'),
('551','47','(Magdapio River - Do Long Bridge)'),
('552','47','(Helicopter attack on village)'),
('553','47',null),
('554','47',null),
('555','47','(Do Long Bridge - Kurtz'' Compound)'),
('556','47',null),
('557','48','(Hill Valley High School)'),
('558','48','(George McFly''s house)'),
('559','48','(Lorraine''s house)'),
('560','48','(Doc Emmett''s house: exteriors)'),
('561','48',null),
('562','48','(Twin Pines/Lone Pine mall)'),
('563','48',null),
('564','48','(Biff Tannen''s house)'),
('565','48','(Doc Emmett''s house: interiors)'),
('566','48','(Marty arriving in 1955)'),
('567','48','(Band Auditions)'),
('568','48','(Marty''s house: exterior)'),
('569','48',null),
('570','48','(Marty''s band audition.)'),
('40','48','(Enchantment Under the Sea School Dance)'),
('571','48','(Marty McFly''s house)'),
('572','48',null),
('573','48','(opening credits)'),
('457','48',null),
('225','48',null),
('574','49','(Norma Desmond''s driveway gate)'),
('575','49','(home of Joe Gillis)'),
('576','49','(Norma Desmond''s mansion - now demolished)'),
('577','49','(Bronson Gate - as 5451 Marathon Street)'),
('578','49','(exterior - now demolished)'),
('579','49','(golf course)'),
('563','49','(road scenes)'),
('453','49','(Samson and Delilah)'),
('580','49','(writer''s building)'),
('458','49','(parking lot)'),
('581','49','(car chase)'),
('582','49','(car chase)'),
('583','49','(men''s clothing store sequence)'),
('584','49','(men''s clothing store sequence)'),
('54','49',null),
('45','49',null),
('585','49',null),
('209','49','(studio) (Norma Desmond visits Cecil B De Mille)'),
('586','49',null),
('587','49','(Schwab''s Pharmacy)'),
('588','50','(aerial photography - outside bomber views at end of flight)'),
('589','50','(aerial photography - outside bomber views)'),
('319','50','(studio) (sets - Pentagon War Room, B-52 Stratofortress bomber cockpit, motel room, General Ripper''s office and corridor, military airport exterior)'),
('590','50','(aerial photography - outside bomber views)'),
('591','50','(Outside view of bomber passing over beaches)'),
('592','50',null),
('76','50','(London Airport)'),
('593','50','(aerial photography - outside bomber views)'),
('594','51','(train scenes)'),
('595','51',null),
('329','51','(Courtroom & bar)'),
('596','51','(studio)'),
('597','51','(studio)'),
('598','51',null),
('599','51',null),
('600','51','(London street scenes)'),
('601','51','(Angier and Cutter meet at the mansion)'),
('353','51','(restaurant scenes)'),
('602','51','(Julia McCullough''s funeral scene)'),
('603','51',null),
('604','51','(electric light fields)'),
('605','51',null),
('606','51','(Royal Albert Hall scenes)'),
('234','51',null),
('607','51',null),
('159','51',null),
('608','51','(studio)'),
('609','51','(Redstone Castle)'),
('319','52','(studio)'),
('610','52','(studio)'),
('611','55',null),
('515','55',null),
('612','55',null),
('613','55',null),
('614','55',null),
('615','55',null),
('616','56','(duck hunt - war sequences)'),
('617','56',null),
('225','56',null),
('426','56','(studio)'),
('618','56','(exteriors: Hynkle''s Palace)'),
('619','56',null),
('620','56',null),
('54','56',null),
('621','56','(duck hunt - war sequences)'),
('622','56',null),
('623','56',null),
('45','56',null),
('624','56',null),
('234','56',null),
('625','56',null),
('447','56','(Hynkle''s oratorial speech)'),
('626','57',null),
('627','57',null),
('628','57',null),
('629','57',null),
('630','57',null),
('631','57',null),
('632','57',null),
('131','57',null),
('633','57',null),
('634','57',null),
('635','58','(location)'),
('636','58','(studio)'),
('637','58',null),
('638','58',null),
('639','58','(studio)'),
('640','59','(Overlook Hotel exterior)'),
('641','59','(opening scenes: aerial shots)'),
('185','59',null),
('642','59','(opening scenes: aerial shots)'),
('205','59',null),
('643','59',null),
('644','59',null),
('645','60',null),
('646','60',null),
('647','60',null),
('648','60',null),
('649','60',null),
('546','60',null),
('457','60',null),
('650','60',null),
('651','60','(offices, stages)'),
('652','60',null),
('653','60',null),
('225','60',null),
('654','60',null),
('45','60',null),
('655','61','(The Pit exterior)'),
('656','61','(Wayne Manor)'),
('331','61','(Gotham City)'),
('657','61','(prologue)'),
('658','61','(final scene)'),
('659','61','(Wayne Manor)'),
('660','61','(Gotham City football game)'),
('661','61',null),
('662','61','(Blackgate Prison)'),
('237','61',null),
('663','61','(Bike Chase and Reactor)'),
('664','61','(Gotham General Hospital)'),
('665','61','(Gotham City Airport)'),
('45','61',null),
('666','61',null),
('50','61',null),
('667','61','(Gotham City Police Department, Dive Bar, and Selina Kyle and Jen''s Apartment)'),
('328','61','(studio)'),
('668','61','(Wayne Enterprises exterior - long shots)'),
('377','61','(Gotham Police Vs Mob fight scene)'),
('87','61','(Gotham City Police Department)'),
('101','61','(studio)'),
('669','61',null),
('76','61',null),
('670','61','(Batcave)'),
('73','61','(costume ball)'),
('671','61',null),
('672','61','(Ninth floor boardroom was adapted to look like the Ludwig Mies van der Rohe boardroom from the previous film)'),
('673','61','(Wayne Enterprises main entrance and lobby that Bruce Wayne is ejected from)'),
('674','61','(kangaroo court)'),
('675','61','(Cat Woman blasts the obstruction)'),
('676','61','(studio)'),
('47','61','(Wayne Enterprises)'),
('677','63','(Lester''s house)'),
('678','63','(aerial shots)'),
('679','63','(Mr. Smiley''s drive-through)'),
('680','63','(target shooting scene)'),
('681','63',null),
('682','63','(High school scenes)'),
('683','63','(Lester driving scenes)'),
('684','63','(open house scene)'),
('685','63','(The Colonel''s house)'),
('686','63',null),
('687','63',null),
('328','63','(studio)'),
('688','65','(atmosphere processing station)'),
('689','65','(studio) (interiors: Sulaco space ship cargo bay)'),
('79','65','(studio)'),
('690','66',null),
('691','66','(Xanadu Grounds) (demolished)'),
('47','66',null),
('692','66','(Xanadu Grounds)'),
('234','66','(Xanadu Grounds)'),
('54','66',null),
('44','66','(Xanadu)'),
('693','66','(Xanadu)'),
('694','66','(studio)'),
('225','66',null),
('357','66',null),
('45','66',null),
('233','66','(Auto procession on beach)'),
('695','66',null),
('696','67','(cropduster attack)'),
('44','67','(Phipps Estate)'),
('697','67','(interiors/full-scale models of Mt. Rushmore)'),
('698','67','(closing train shot)'),
('699','67',null),
('700','67','(establishing shots)'),
('85','67',null),
('701','67',null),
('702','67',null),
('703','67',null),
('704','67',null),
('705','67','(drunk driving scene)'),
('269','67',null),
('706','67',null),
('707','67',null),
('708','67',null),
('709','67','(Opening credits & first scene, Thornhill''s office building exterior)'),
('710','67',null),
('711','67',null),
('45','67',null),
('46','67',null),
('712','67',null),
('713','68','(Madeleine''s jump into the bay)'),
('714','68','(Scottie''s apartment)'),
('715','68',null),
('716','68','(Muir Woods)'),
('717','68',null),
('718','68','(Gavin and Madeleine''s apartment)'),
('719','68',null),
('720','68','(Scottie and Madeleine''s first kiss)'),
('721','68','(Essex club)'),
('722','68','(exterior: Midge Wood''s apartment, NE corner, demolished)'),
('723','68','(Carlotta Valdes'' home)'),
('724','68','(art gallery - Carlotta Valdes'' portrait)'),
('725','68',null),
('726','68',null),
('727','68','(McKittrick Hotel)'),
('728','68',null),
('729','68',null),
('295','68',null),
('730','68',null),
('731','68','(Empire Hotel)'),
('732','68',null),
('733','68','(Florist is Podesta Baldocchi Grant Street shop)'),
('734','68',null),
('209','68','(studio)'),
('735','69','(final scenes)'),
('736','69',null),
('737','69',null),
('738','69','(Evergreen High School)'),
('431','71',null),
('739','71',null),
('636','71','(studio)'),
('740','72',null),
('741','73','(forest)'),
('320','73',null),
('742','73','(forest)'),
('743','73',null),
('185','73','(studio)'),
('744','73',null),
('7','73',null),
('225','73',null),
('745','73',null),
('746','73',null),
('747','74','(Amelie''s home)'),
('748','74',null),
('749','74','(Amelie''s father''s home)'),
('750','74','(café where Amelie works)'),
('751','74','(subway)'),
('752','74','(station)'),
('753','74','(station)'),
('754','74',null),
('755','74',null),
('756','74',null),
('757','74',null),
('758','74',null),
('759','74','(station)'),
('760','74','(subway)'),
('761','74',null),
('762','74',null),
('763','74',null),
('227','74',null),
('131','75',null),
('764','75',null),
('387','75','(studio)'),
('765','75',null),
('766','75',null),
('227','75',null),
('767','75',null),
('768','75',null),
('769','75',null),
('770','75',null),
('771','75',null),
('772','75','(The iconic shot of the boys walking in front of the Manhattan Bridge)'),
('264','75',null),
('773','75',null),
('774','75','(walked on the set in 1981 in Hoboken terminal)'),
('47','75',null),
('775','75','(ornate vault which Noodles enters)'),
('697','76',null),
('776','77','(interiors: Mortuary - Mr. Orange''s apartment upstairs)'),
('520','77',null),
('407','77',null),
('777','77',null),
('778','77',null),
('779','77','(Walking scene)'),
('780','77','(Mr. Orange rehearses)'),
('781','79',null),
('384','79','(Impaling of horses in battle sequence)'),
('782','79','(opening sequence)'),
('783','79',null),
('784','79',null),
('785','79',null),
('786','79','(studio)'),
('787','79',null),
('788','79','(Edinburgh Castle)'),
('789','79','(York and London scenes)'),
('790','79','(London scenes)'),
('791','79',null),
('792','79',null),
('793','79',null),
('794','79','(Battle of Stirling Bridge)'),
('795','79',null),
('796','79',null),
('767','106',null),
('1018','106',null),
('515','107',null),
('1019','107','(Luftschiffhalle)'),
('910','107','(Ziegelfabriken auf dem Wienerberg, 10. Bezirk)'),
('519','107',null),
('217','108','(studio)'),
('910','109','(doorway where Harry Lime first appears (Kurtz''s house (as Cafe Mozart (suspension bridge)'),
('1020','109','(ferris wheel)'),
('1021','109','(funeral scenes)'),
('1022','109','(Holly Martins'' hotel)'),
('1023','109','(Harry Lime''s apartment)'),
('1024','109',null),
('1025','109','(studio)'),
('1026','110','(Wayne Mansion)'),
('1027','110',null),
('1028','110',null),
('319','110','(studio)'),
('101','110','(studio)'),
('85','110',null),
('92','110','(Batmobile chase)'),
('1029','110','(Bhutanese prison)'),
('1030','110',null),
('1031','110','(monorail scene)'),
('1032','110',null),
('1033','110','(Wayne Corp. building)'),
('1034','110','(Narrows drawbridge)'),
('87','110','(Police HQ)'),
('1035','110',null),
('1036','110',null),
('1037','110',null),
('1038','110',null),
('76','110',null),
('47','110',null),
('73','110','(Gotham City courthouse: exterior)'),
('1039','110','(Arkham Asylum Stairwell)'),
('1040','110',null),
('1017','110',null),
('1041','111','(Tony & Elvira''s house exteriors)'),
('1042','111','(Babylon Club exterior)'),
('1043','111','(Alejandro Sosa''s Bolivian Estate)'),
('1044','111','(Frank Lopez''s house interiors and pool)'),
('1045','111','(Montana Management Co.)'),
('1046','111','(chainsaw scene)'),
('1047','111','(Bank)'),
('1048','111','(Gina''s Beauty Salon)'),
('1049','111','("So say goodnight to the bad guy" restaurant)'),
('1050','111','(Freedom Town)'),
('1051','111','(car bomb)'),
('1052','111',null),
('397','111','(Tony''s mother''s house)'),
('1053','111','(Montana Travel Co.)'),
('1054','111',null),
('1055','111','(swimming pool at the Frank Lopez house)'),
('45','111',null),
('58','111',null),
('1056','111',null),
('47','111',null),
('572','111',null),
('1057','111',null),
('1058','112',null),
('1059','112',null),
('972','112','(studio)'),
('697','112','(studio) (train exteriors)'),
('218','113',null),
('1060','113',null),
('1061','113',null),
('1062','113',null),
('1063','113',null),
('1064','113','(train sequence)'),
('388','113',null),
('1065','115',null),
('1066','115',null),
('1067','115',null),
('1068','115',null),
('1069','115',null),
('1070','115',null),
('1071','115',null),
('1072','115',null),
('1073','115',null),
('1074','115',null),
('1075','116',null),
('237','116',null),
('46','116',null),
('1076','116',null),
('167','116',null),
('225','116',null),
('357','116',null),
('1077','116',null),
('1078','116',null),
('47','116',null),
('1079','117',null),
('637','117',null),
('515','117',null),
('636','117','(studio)'),
('1080','118','(Midnight Mass)'),
('1081','119','(dry river bed)'),
('1082','119',null),
('1083','119','(The Mar Vista Rest Home)'),
('1084','119','(J.J. ''Jake'' Gittes spys on Mulwray)'),
('1085','119','(J.J. ''Jake'' Gittes visits Noah Cross)'),
('1086','119',null),
('532','119',null),
('1087','119',null),
('598','119',null),
('1088','119','(El Macondo Apartments'')'),
('1089','119','(finale)'),
('1090','119','(finale)'),
('1091','119','(The Brown Derby Restaurant)'),
('1092','119','(orange grove and ranch house where Gittes crashes his car, is knocked unconscious, and later awakens)'),
('1093','119','(Evelyn Cross Mulwray''s Mansion)'),
('1094','119','(Katherine''s House)'),
('1095','119','(Curly''s ''San Pedro'' house)'),
('1096','119','(J.J. ''Jake'' Gittes finds the fake Evelyn Cross Mulwray)'),
('1097','119',null),
('1098','119',null),
('1099','119','(public hearing)'),
('1100','119','(Cross estate)'),
('521','119',null),
('1101','119',null),
('1102','119',null),
('585','119',null),
('1103','119','(J.J. ''Jake'' Gittes observes Hollis Mulwray watching water drainage to ocean)'),
('1104','119',null),
('237','119',null),
('1105','119','(location where Gittes and Evelyn Mulwray argue after lunch while the valet fetches Mulwray''s car)'),
('1106','119','(studio)'),
('1107','119','(Noah Cross and Gittes share lunch)'),
('1108','119','(Oak Pass Reservoir)'),
('1109','120','(Nakatomi building)'),
('1110','120','(interiors)'),
('158','120','(studio)'),
('1111','120',null),
('1112','121','(motorcycle scenes)'),
('1113','121',null),
('1114','121','(railway scenes)'),
('1115','121',null),
('637','121',null),
('636','121','(studio)'),
('1116','122',null),
('1117','122',null),
('1118','122','(dorm scenes)'),
('1119','122','(interior of "college bar" scenes)'),
('1120','122',null),
('1121','122',null),
('1122','122','(Bench Scene)'),
('1123','122',null),
('530','122',null),
('1124','122',null),
('1125','122',null),
('1126','122',null),
('1127','122',null),
('1128','122',null),
('1129','122',null),
('1130','122','(Novelty Store Scene)'),
('1131','122',null),
('1132','122','(demolished in 1997)'),
('1133','122',null),
('1134','122','(End scene with Will driving down an idyllic highway on his way to Stanford)'),
('380','123',null),
('1135','123',null),
('1136','123','(exteriors: church)'),
('1137','123','(interiors: church)'),
('1138','123',null),
('1139','123','(waterfront)'),
('1140','123',null),
('281','123',null),
('47','123',null),
('1141','123','(park)'),
('1142','123',null),
('1143','124','(Trejo''s pad)'),
('1144','124','(Armored truck robbery)'),
('1145','124','(diner where Hana and McCauley talk)'),
('1146','124','(Restaurant - Waingro vanishes)'),
('1147','124','(Deli - Neil meets Eady)'),
('1148','124','(Waingro meets Michael)'),
('1149','124','(Shanty town - Albert''s chop-shop)'),
('1150','124','(Container yard scene)'),
('1151','124','(shootout plaza)'),
('1152','124','(car chase shootout)'),
('1153','124','(where Donald Breedan works)'),
('1154','124','(drive-in movie theatre - now apartments)'),
('1155','124','(bank)'),
('1156','124',null),
('1157','124','(McCauley''s drive where Hanna pulls him over)'),
('1158','124','(restaurant)'),
('1159','124','(airport hotel)'),
('1111','124','(end scene)'),
('1160','124','(train station)'),
('1161','124',null),
('1162','124',null),
('1163','124','(crew''s dinner)'),
('1164','124','(Zack''s parking lot shootout - now Ralph''s)'),
('1165','124','(hotel looking over freeway)'),
('354','124','(RHD meets where McCauley visited)'),
('45','124',null),
('233','124',null),
('1166','124','(McCauley talks with Eady about escaping)'),
('167','124',null),
('1167','124','(opening scene)'),
('1168','124','(Shiherlis apartment)'),
('1169','125',null),
('1170','125',null),
('137','125',null),
('1171','125',null),
('1172','126',null),
('206','126',null),
('45','126',null),
('1173','126','(Jefferson Smith departure for Washington)'),
('1174','126',null),
('341','126','(background)'),
('1175','127',null),
('1176','127',null),
('1177','127',null),
('1178','127',null),
('1179','127','(Village)'),
('1180','127',null),
('1181','127',null),
('1182','127',null),
('1183','127',null),
('1184','127',null),
('1185','127','(location)'),
('1186','129',null),
('1187','129',null),
('1188','129',null),
('1189','129',null),
('1190','129',null),
('217','129','(studio (studio)'),
('1191','129',null),
('1192','129',null),
('678','131',null),
('1193','131',null),
('1194','131',null),
('225','131',null),
('684','131',null),
('643','131',null),
('992','131',null),
('45','131',null),
('447','131',null),
('436','131',null),
('1195','132',null),
('1196','132',null),
('1197','132',null),
('1198','132',null),
('1199','132',null),
('1200','132','(studio)'),
('1201','132',null),
('1202','132',null),
('1097','133',null),
('1203','133',null),
('674','133','(Police Station where Deckard is told he must return to duty)'),
('1204','133',null),
('1205','133',null),
('328','133','(street scenes)'),
('76','133','(Leon''s Bathroom)'),
('1206','133','(futuristic street scenes)'),
('1207','133',null),
('319','133','(studio)'),
('1208','133',null),
('420','133',null),
('421','133',null),
('237','133',null),
('45','133',null),
('1209','134',null),
('1210','134',null),
('1200','134','(studio)'),
('1211','134',null),
('1212','134',null),
('1213','134',null),
('1214','135','(interiors)'),
('1215','135','(interiors)'),
('1216','135','(interiors)'),
('1217','135',null),
('1218','136',null),
('1219','136',null),
('1220','136',null),
('1221','136',null),
('486','136',null),
('102','137','(JD''s bar)'),
('76','137',null),
('1222','137','(the hideout)'),
('1223','137','(Eddie and Bacon escape from the law)'),
('1224','137','(where Winston runs his sadly low-security dope business)'),
('1225','137','(Samoan Jo''s - the South Seas bar)'),
('1226','137','(''Hatchet'' Harry''s office)'),
('1227','137','(the incompetent robbery at the country house)'),
('928','137',null),
('1228','137',null),
('1229','137',null),
('1230','137','(Boxing scene)'),
('1231','137',null),
('1232','137',null),
('1233','137','(studio)'),
('76','138','(London Hospital, Whitechapel Road (near) (opening scenes)'),
('1234','138',null),
('1235','138','(opening scenes)'),
('1236','138','(demolished) (London Hospital, Whitechapel Road)'),
('1237','138','(London Hospital, Whitechapel Road)'),
('186','138','(studio)'),
('1238','138','(railway station)'),
('1239','138','(arrival in London)'),
('797','79',null),
('798','79',null),
('799','79',null),
('800','80','(Alex puts Dim in water)'),
('801','80','(Ludovico Medical Facility)'),
('802','80','(record shop)'),
('803','80','(underpass where the tramp is attacked)'),
('804','80','(Peartree Woods on the Viscount Knutsford Estate - Alex is beaten up by police)'),
('805','80','(Alex''s flat: Municipal Flat Black 18A, Linear North)'),
('806','80','(Mr. Alexander'' s Home)'),
('807','80','(Korova Milk Bar/prison check in/F. Alexander''s bathroom and hallway)'),
('808','80','(Catlady''s house)'),
('809','80','(hospital scene at the end of the film)'),
('810','80','(snow rape fantasy)'),
('811','80','(Cat Lady)'),
('812','80','(exterior: F. Alexander house)'),
('813','80','(Billyboy gang fight)'),
('814','80','(Alex whistling kicking rubbish)'),
('815','80','(Parkmoor Prison: exterior)'),
('816','80',null),
('817','80','(Ludovico Medical Facility)'),
('79','80','(studio)'),
('818','80','(studio)'),
('819','80',null),
('76','80',null),
('820','80','(Alex leaps from window)'),
('821','80','(Shopping Complex - scene unused)'),
('822','80',null),
('823','80','(Alex humiliated in press conference)'),
('824','80','(Flat Block Marina)'),
('825','80',null),
('826','80','(Parkmoor Prison: interior)'),
('827','81','(Dietrichson house)'),
('828','81','(building where Fred MacMurray''s character lives)'),
('829','81',null),
('830','81',null),
('831','81','(Glendale Station)'),
('209','81','(studio)'),
('225','81',null),
('832','81','(near)'),
('833','81',null),
('521','81',null),
('620','81',null),
('54','81',null),
('45','81',null),
('834','81',null),
('835','82',null),
('836','82','(Rooms Doorway)'),
('837','82','(Apartment block shootout)'),
('838','82','(Travis talks to Iris in front of the Variety Theatre)'),
('839','82','(Travis is buying guns at an appartment in Brooklyn Heights)'),
('840','82','(Travis'' phone call to Betsy)'),
('46','82',null),
('357','82',null),
('47','82',null),
('267','83',null),
('264','83',null),
('283','83',null),
('841','84',null),
('234','84',null),
('842','84',null),
('561','84',null),
('843','84','(studio)'),
('844','84',null),
('547','85','(desert)'),
('845','85','(desert)'),
('846','85','(Cairo Officer''s Club courtyard)'),
('847','85','(Damascus town hall)'),
('848','85','(town: Aqaba)'),
('849','85','(where Lawrence falls off motorcycle)'),
('850','85','(Gasim rescue - camel ride - mudflats)'),
('544','85','(desert)'),
('851','85','(hotel in Cairo)'),
('852','85','(desert - red cliffs)'),
('853','85',null),
('854','85','(train attack)'),
('855','85','(desert)'),
('856','85',null),
('857','85','(buildings: Middle East)'),
('133','85',null),
('128','85','(train attack)'),
('858','85','(meeting of Allenby and Lawrence)'),
('859','85',null),
('860','85',null),
('861','85','(hotel in Cairo)'),
('862','85','(meeting of Allenby and Lawrence)'),
('863','85','(buildings of Jerusalem)'),
('864','85','(train attack)'),
('319','85','(studio)'),
('865','85','(funeral)'),
('76','85',null),
('135','85',null),
('136','85',null),
('866','85','(buildings: Middle East)'),
('867','85',null),
('868','85','(Middle East)'),
('869','86',null),
('870','86','(Joel''s Apartment)'),
('871','86','(studio)'),
('872','86',null),
('379','86','(flea market)'),
('873','86',null),
('874','86',null),
('875','86',null),
('876','86',null),
('47','86',null),
('877','87','(Hue ruins scenes)'),
('878','87',null),
('879','87','(archive footage)'),
('880','87','(Parris Island scenes)'),
('881','87','(Vietnam countryside scenes)'),
('76','87','(Da Nang scenes)'),
('882','87','(Parris Island scenes)'),
('883','87','(training camp scenes)'),
('79','87','(studio)'),
('884','88',null),
('885','88',null),
('886','88',null),
('887','88',null),
('717','88',null),
('710','88',null),
('449','88',null),
('842','88',null),
('888','88',null),
('600','88',null),
('605','88',null),
('203','88','(Merry-Go-Round scene)'),
('889','88','(studio)'),
('890','88',null),
('891','89',null),
('892','89',null),
('893','89',null),
('894','89',null),
('895','89',null),
('896','89',null),
('897','89',null),
('131','89',null),
('898','89',null),
('899','89',null),
('900','89',null),
('901','90','(castle scenes (Salieri first meeting with Mozart)'),
('902','90','(studio) (Volkstheater, Hospital Room, Mozart''s Apartment and Staircase sets (Period Backdrops (18th Century Vienna)'),
('903','90','(The Emperor''s Palace)'),
('904','90',null),
('905','90','(Estates Theatre - The Marriage of Figaro conducted by Mozart)'),
('906','90','(The Emperor''s Palace)'),
('907','90','(Scenes with Salieri)'),
('908','90','(Mozart''s wedding)'),
('909','90',null),
('910','90',null),
('911','90','(concert and opera staged)'),
('912','90','(exteriors: Mozart''s house)'),
('913','90','(Salieri''s flashback in Italy)'),
('914','90',null),
('697','91','(studio)'),
('210','91',null),
('45','91',null),
('915','92','(single exterior shot of the Swamp King castle during "Tale of Sir Lancelot")'),
('916','92','(Castle of Aaaargh)'),
('917','92','(Arthur begins his quest for the Holy Grail)'),
('918','92','(Cave of Caerbannog (Holy Hand Grenade scene)'),
('784','92','(Bridge of Death)'),
('883','92','(Black Knight sequence)'),
('919','92','(Bridge of Death)'),
('920','92','(Castle of Aaaargh)'),
('921','92','(Historian talking to camera)'),
('922','92','(Bridge of Death)'),
('923','92','(studio)'),
('924','92','(rocky still shot at start of ''The Tale of Sir Robin)'),
('925','92',null),
('926','92',null),
('76','92',null),
('927','93','(Turkish''s office)'),
('928','93',null),
('76','93','(as Albion Rooms/pawn shop)'),
('929','93','(as Ye Olde Mitre Tavern/Doug''s diamond store)'),
('930','93',null),
('931','93','(Boris''s house)'),
('79','93','(studio)'),
('932','93','(as Caesars Nightclub - location of boxing match)'),
('933','93','(as The Drowning Trout)'),
('934','94',null),
('190','94',null),
('935','94','(studio)'),
('319','94','(studio)'),
('936','94',null),
('437','94',null),
('426','95',null),
('937','95','(bridge where the Tramp rescues the suicidal heroine)'),
('938','95','(tramp rescues the kid from the welfare officer)'),
('217','96','(studio)'),
('939','96',null),
('940','96',null),
('941','97','(train sequence)'),
('128','97',null),
('137','97','(town) (set (town) (set)'),
('135','97','(train sequence)'),
('942','97','(church)'),
('943','97','(train sequence)'),
('132','97','(town) (set)'),
('944','97','(town: Agua Caliente)'),
('945','97','(sets)'),
('946','97',null),
('864','97',null),
('133','97','(town) (set)'),
('387','97','(studio) (interiors)'),
('143','97',null),
('947','97','(church)'),
('948','98',null),
('949','98','(Pierce Patchett''s house)'),
('950','98',null),
('951','98','(Nick''s Liquor Store)'),
('952','98',null),
('953','98',null),
('352','98',null),
('954','98',null),
('955','98','(Nite Owl Coffee Shop)'),
('45','98',null),
('956','98',null),
('957','98',null),
('958','98',null),
('959','98',null),
('960','98',null),
('961','98',null),
('470','98',null),
('962','98',null),
('963','98',null),
('964','98',null),
('323','98',null),
('965','98','(Lynn Bracken''s house)'),
('295','100','(Theatre, interiors)'),
('966','100',null),
('967','100',null),
('968','100',null),
('969','100',null),
('970','100','(across the street from the Royale Theatre)'),
('971','101',null),
('972','101','(studio)'),
('47','101',null),
('973','101',null),
('974','101',null),
('227','102',null),
('519','102','(studio)'),
('975','102',null),
('976','102',null),
('977','102',null),
('978','102',null),
('979','102',null),
('980','102',null),
('981','102',null),
('514','102',null),
('515','102',null),
('982','103',null),
('983','103','(studio)'),
('984','103',null),
('299','103','(studio)'),
('293','103',null),
('985','103',null),
('986','103',null),
('987','104',null),
('988','104',null),
('989','104','(Kelly''s Rainbow Mine)'),
('990','104',null),
('991','104',null),
('385','104',null),
('992','104',null),
('993','104',null),
('994','104',null),
('995','104',null),
('423','104',null),
('425','104',null),
('7','104',null),
('996','105',null),
('997','106',null),
('383','106',null),
('998','106','(the four riding into the sunset at the end)'),
('943','106',null),
('999','106',null),
('1000','106',null),
('1001','106','(Castle Brunwald)'),
('1002','106','(opening scenes with boy scouts)'),
('853','106',null),
('1003','106','(exterior of library in Venice)'),
('1004','106',null),
('1005','106',null),
('440','106',null),
('133','106',null),
('1006','106',null),
('1007','106','(Tempelhof Airport Berlin exterior)'),
('1008','106',null),
('437','106',null),
('1009','106','(studio)'),
('1010','106','(interior: Tempelhof Airport Berlin)'),
('1011','106','(Nazi rally)'),
('1012','106','(speedboat chase scenes)'),
('1013','106',null),
('1014','106','(Where Indy releases Kazim after the boat chase/propeller scene)'),
('1015','106','(Docks where Indy and Brody meet Elsa for the first time)'),
('1016','106',null),
('1017','106',null),
('1240','138','(interiors: hospital corridors - office of Dr. Carr-Gromm)'),
('1241','138','(interiors: hospital corridors - office of Dr. Carr-Gromm)'),
('1242','138',null),
('319','138','(studio)'),
('1243','138','(opening scenes)'),
('1244','138','(opening scenes)'),
('1245','138',null),
('1246','138',null),
('1247','139','(Stone''s death scene)'),
('1248','139','(Sam''s San Diego house)'),
('1249','139','(exterior - now demolished)'),
('1250','139',null),
('1251','139','(Tangier Casino)'),
('1252','139','(attempt on Sam''s life)'),
('1253','139','(additional ''Tangiers'' locations)'),
('1254','139','(Sam and Stone talking in parking lot)'),
('42','139',null),
('1255','139','(Oscar Goodmans real office)'),
('1256','139','(El Cortez Warehouse)'),
('1257','139',null),
('1258','139','(Sam''s house)'),
('1259','139','(as Kansas City Airport)'),
('1260','139','(Sam and Nicky Cafe meeting)'),
('1261','139','(meeting in the desert)'),
('1262','139','(Gold Rush LTD - since been demolished)'),
('1263','139','(Tryst)'),
('1264','139','(parking foyer scene)'),
('1265','139',null),
('1266','139','(golf course)'),
('990','139',null),
('1267','139','(Chicago nightclub)'),
('1268','139',null),
('1269','139',null),
('1270','139','(as Vegas Valley Country Club)'),
('1271','139','(Nicky''s restaraunt)'),
('1272','139','(Lester Diamond beating)'),
('1273','139','(Tangiers Hotel and Casino)'),
('1274','139','(Nicky''s death scene)'),
('1275','139','(Tangiers sports book/Sam''s office)'),
('1276','139',null),
('1277','139','(as Las Vegas Airport)'),
('1278','140','(when Jordan and Naomi receive news of death of aunt Emma)'),
('1279','140','(old auto body shop)'),
('1280','140','(Azoff approaches Belfort for work)'),
('541','140',null),
('1281','140','(meeting with private detective)'),
('47','140',null),
('1282','140','(Brad arrested at Closter Plaza mall)'),
('1283','140',null),
('1284','140','(Stratton Oakmont headquarters on Mamaroneck Ave, and Country Club)'),
('1285','140','(Belfort''s estate)'),
('1286','140','(Belfort caught with Naomi in limo)'),
('1287','140',null),
('42','140',null),
('1288','140','(Belfort''s downtown apartment)'),
('1289','140','(yacht at the marina)'),
('1290','140','(Beach Wedding)'),
('26','140','(seaside party house)'),
('1291','140','(Belfort''s one-day job)'),
('1292','140',null),
('1293','142',null),
('1294','142','(casino scenes)'),
('1295','142','(Classroom scenes)'),
('1296','142',null),
('1297','142',null),
('331','142',null),
('457','142',null),
('1298','143',null),
('1299','143',null),
('1300','143',null),
('1301','143',null),
('1302','143',null),
('1303','143','(Interior bar scene with characters Mel and Father Janovich)'),
('1304','143',null),
('1305','143','(Where Walt confronts the three black males)'),
('1306','144','(prison camp)'),
('1307','144',null),
('515','144',null),
('519','144','(studio)'),
('1035','144',null),
('76','144',null),
('1308','144',null),
('1309','144',null),
('1310','145','(opening sequence)'),
('1311','145',null),
('1312','145','(Dude''s Crib)'),
('407','145','(additional coffee shop scenes)'),
('1313','145','(Little Larry''s house)'),
('1314','145','(pancake house)'),
('601','145','(Lebowski mansion - interiors)'),
('1315','145','(Jackie''s bonfire party)'),
('167','145','(scattering of ashes on bluff)'),
('1316','145','(empty hangar used to film "Bowling Dance Dream" sequence)'),
('1317','145','(Jackie Treehorn''s house)'),
('1318','145','(Lebowski mansion - exteriors)'),
('1319','145','(Dude picks up Walter before handoff)'),
('1077','145','(scenes where the Corvette was damaged)'),
('1320','145','(Quintana goes door-to-door)'),
('1321','145','(Maude Lebowski''s artist loft)'),
('486','145',null),
('654','145',null),
('1322','145',null),
('1323','145','(The Dude gets kicked out of the taxi)'),
('121','145','(Auto Circus impound yard scene)'),
('620','145',null),
('1324','145',null),
('45','145',null),
('54','145',null),
('118','145',null),
('225','145',null),
('237','145',null),
('1325','146',null),
('1326','146',null),
('1327','146',null),
('1328','146','(studio)'),
('1329','147',null),
('515','147',null),
('1330','147',null),
('1331','148',null),
('41','148',null),
('666','148',null),
('871','148',null),
('1332','148',null),
('1333','148','(MIT scenes)'),
('1334','148',null),
('1335','148',null),
('1336','148','(Harvard scenes)'),
('47','148',null),
('1337','148',null),
('876','148',null),
('1338','150',null),
('1339','150',null),
('1340','150',null),
('1341','150',null),
('436','150',null),
('1342','150',null),
('1343','150',null),
('995','150',null),
('423','150',null),
('425','150',null);